name,version,loc,cus,classes,all methods, all constructors, pub. + prot. methods, pub. + prot. constr, id
ligi-AJShA,1,924,16,16,71,6,64,6,ligi-AJShA-1
jenspfahl-ANOTHERpass,1,21195,171,319,1066,92,799,90,jenspfahl-ANOTHERpass-1
MuntashirAkon-AppManager-v3.2.0,1,134225,679,962,7798,746,6651,669,MuntashirAkon-AppManager-v3.2.0-1
jenspfahl-ANOTHERpass,0,9579,104,153,534,34,415,34,jenspfahl-ANOTHERpass-0
tube42-9p,0,3181,34,34,179,24,135,24,tube42-9p-0
AntennaPod-AntennaPod,1,58258,469,545,3415,403,2768,343,AntennaPod-AntennaPod-1
AntennaPod-AntennaPod,0,53874,322,400,3117,263,2591,210,AntennaPod-AntennaPod-0
tejado-Authorizer-v0.2.4,1,37664,170,255,1746,199,1467,186,tejado-Authorizer-v0.2.4-1
billthefarmer-accordion,0,1606,5,6,38,2,23,2,billthefarmer-accordion-0
billthefarmer-accordion,1,1512,4,4,30,2,20,1,billthefarmer-accordion-1
jecelyin-920-Text-Editor-old,1,14997,52,91,635,56,537,49,jecelyin-920-Text-Editor-old-1
tube42-9p,1,3587,39,39,210,26,160,26,tube42-9p-1
MatteCarra-AccA,0,1077,9,17,69,7,61,7,MatteCarra-AccA-0
MatteCarra-AccA,1,9375,68,112,712,41,643,41,MatteCarra-AccA-1
ghackett-AppAlarm,1,5215,22,28,310,18,220,18,ghackett-AppAlarm-1
antlersoft-android-vnc-viewer,1,13961,78,95,723,54,625,53,antlersoft-android-vnc-viewer-1
woheller69-audio-analyzer-for-android,0,8854,29,39,372,34,272,32,woheller69-audio-analyzer-for-android-0
woheller69-audio-analyzer-for-android,1,9010,31,42,376,35,278,33,woheller69-audio-analyzer-for-android-1
OldSparkyMI-aRevelation-REL,1,3480,26,31,195,14,165,14,OldSparkyMI-aRevelation-REL-1
axxapy-apkExtractor,0,459,3,7,31,5,27,5,axxapy-apkExtractor-0
axxapy-apkExtractor,1,638,4,8,39,6,32,6,axxapy-apkExtractor-1
TrianguloY-Adnihilation,1,660,7,9,27,5,17,5,TrianguloY-Adnihilation-1
AndorsTrailRelease-andors-trail,1,27273,202,281,2077,174,1655,171,AndorsTrailRelease-andors-trail-1
quaap-AudioMeter,1,769,6,6,43,4,38,4,quaap-AudioMeter-1
lolo-io-OneList-onelist,1,2074,19,27,135,10,113,10,lolo-io-OneList-onelist-1
Raidenxd2-always_on_clock_normal,1,24,1,1,1,0,1,0,Raidenxd2-always_on_clock_normal-1
2bllw8-anemo,1,2480,18,20,153,11,119,7,2bllw8-anemo-1
lolo-io-OneList-onelist,0,1051,12,23,88,11,74,11,lolo-io-OneList-onelist-0
krmanik-Anki-Occlusion,0,13184,63,89,776,68,674,64,krmanik-Anki-Occlusion-0
quaap-AudioMeter,0,528,3,4,30,4,27,4,quaap-AudioMeter-0
krmanik-Anki-Occlusion,1,15736,72,98,867,70,738,65,krmanik-Anki-Occlusion-1
flackbash-AudioAnchor,1,8307,37,48,382,30,304,28,flackbash-AudioAnchor-1
dozingcat-AsciiCam-v1.2.4,1,3421,22,35,217,12,200,11,dozingcat-AsciiCam-v1.2.4-1
andstatus-andstatus-30.00,1,48977,287,311,3072,253,2497,171,andstatus-andstatus-30.00-1
flackbash-AudioAnchor,0,3583,17,25,210,7,154,6,flackbash-AudioAnchor-0
2bllw8-anemo,0,1800,15,17,105,11,76,6,2bllw8-anemo-0
flide-8VIM-iteration,1,3107,28,25,198,32,133,27,flide-8VIM-iteration-1
HugoGresse-Anecdote,1,7947,85,97,387,79,365,78,HugoGresse-Anecdote-1
HugoGresse-Anecdote,0,1748,28,37,93,25,90,24,HugoGresse-Anecdote-0
akvo-akvo-rsr-up,0,10755,40,49,517,26,477,22,akvo-akvo-rsr-up-0
Allsimon-Alldebrid,1,2481,29,33,291,8,281,8,Allsimon-Alldebrid-1
akvo-akvo-rsr-up,1,17866,70,92,836,45,762,43,akvo-akvo-rsr-up-1
tompreuss-APNSettings,1,46,1,1,2,0,2,0,tompreuss-APNSettings-1
gwhiteside-abstract-art,1,6317,27,41,269,33,228,33,gwhiteside-abstract-art-1
IsaNexusDev-androidcpg,1,4891,20,31,217,16,208,16,IsaNexusDev-androidcpg-1
Sash0k-ActivityLauncher-v,1,2242,26,35,142,11,118,10,Sash0k-ActivityLauncher-v-1
yoshi1123-adbio,0,257,3,4,10,7,8,7,yoshi1123-adbio-0
alt236-Android-Drawables---Android,0,856,9,17,34,4,29,4,alt236-Android-Drawables---Android-0
yoshi1123-adbio,1,398,5,6,13,8,12,7,yoshi1123-adbio-1
fighthawkarg-NasaApodMD,1,808,9,11,61,4,47,4,fighthawkarg-NasaApodMD-1
xxv-24hAnalogWidget,0,909,7,9,42,4,32,4,xxv-24hAnalogWidget-0
fighthawkarg-NasaApodMD,0,798,9,11,59,4,46,4,fighthawkarg-NasaApodMD-0
xxv-24hAnalogWidget,1,598,5,6,29,4,23,4,xxv-24hAnalogWidget-1
alt236-Android-Drawables---Android,1,4476,17,31,70,12,53,12,alt236-Android-Drawables---Android-1
AnderWeb-android_packages_apps_Launcher,1,30512,88,215,1496,180,1214,177,AnderWeb-android_packages_apps_Launcher-1
pedja1-aLogcatRoot,1,3913,18,23,207,15,173,9,pedja1-aLogcatRoot-1
APN-Pucky-ArcheryStats,1,765,4,4,54,1,47,1,APN-Pucky-ArcheryStats-1
APN-Pucky-ArcheryStats,0,765,4,4,54,1,47,1,APN-Pucky-ArcheryStats-0
NyxTrail-aksharam,1,4503,25,34,208,30,190,27,NyxTrail-aksharam-1
bailuk-AAT-v0.8,1,36296,425,544,2899,449,2555,433,bailuk-AAT-v0.8-1
NyxTrail-aksharam,0,4503,25,34,208,30,190,27,NyxTrail-aksharam-0
pfalcon-apps2org,1,23526,131,167,1266,206,1149,204,pfalcon-apps2org-1
rootkiwi-an2linuxclient,1,7381,69,90,345,40,273,38,rootkiwi-an2linuxclient-1
rascarlo-AURdroid,0,2158,12,17,131,13,103,10,rascarlo-AURdroid-0
rootkiwi-an2linuxclient,0,5821,49,67,298,32,264,31,rootkiwi-an2linuxclient-0
rascarlo-AURdroid,1,1655,24,50,103,12,80,12,rascarlo-AURdroid-1
moparisthebest-AppBak,1,3367,18,29,133,10,93,10,moparisthebest-AppBak-1
iamtrk-Device-Explorer,1,1796,10,32,90,30,75,30,iamtrk-Device-Explorer-1
andreynovikov-Androzic,1,31515,125,172,1353,116,1203,115,andreynovikov-Androzic-1
jdeslip-arxiv-mobile,1,4553,16,24,150,4,131,4,jdeslip-arxiv-mobile-1
gryphius-androdns,0,800,6,6,44,4,35,4,gryphius-androdns-0
gryphius-androdns,1,2402,14,14,120,14,97,14,gryphius-androdns-1
nolanlawson-AppTracker,0,4530,25,27,279,9,213,9,nolanlawson-AppTracker-0
abertschi-ad-free,1,4563,66,92,371,41,325,40,abertschi-ad-free-1
nolanlawson-AppTracker,1,4653,25,27,285,9,219,9,nolanlawson-AppTracker-1
abertschi-ad-free,0,2068,36,53,161,19,140,16,abertschi-ad-free-0
greenaddress-abcore,1,2603,18,33,140,6,90,6,greenaddress-abcore-1
EventFahrplan-EventFahrplan,1,12770,172,234,663,110,539,105,EventFahrplan-EventFahrplan-1
EventFahrplan-EventFahrplan,0,12698,172,233,660,109,537,105,EventFahrplan-EventFahrplan-0
greenaddress-abcore,0,2137,16,29,120,7,71,7,greenaddress-abcore-0
AndBible-and-bible-production,1,43312,267,883,2220,264,1837,263,AndBible-and-bible-production-1
JiriSko-amixer-webui-android,0,1948,27,29,117,16,104,16,JiriSko-amixer-webui-android-0
JiriSko-amixer-webui-android,1,2679,37,40,157,31,140,31,JiriSko-amixer-webui-android-1
JakeWharton-SdkSearch,1,3088,84,122,178,27,168,27,JakeWharton-SdkSearch-1
TeamAmaze-AmazeFileUtilities,0,33266,169,351,1395,131,1069,130,TeamAmaze-AmazeFileUtilities-0
JakeWharton-SdkSearch,0,2146,59,84,111,24,102,24,JakeWharton-SdkSearch-0
ramack-ActivityDiary,1,9429,41,69,380,35,327,22,ramack-ActivityDiary-1
TeamAmaze-AmazeFileUtilities,1,36100,172,360,1515,133,1174,132,TeamAmaze-AmazeFileUtilities-1
butzist-ActivityLauncher,1,1998,25,30,124,10,97,9,butzist-ActivityLauncher-1
butzist-ActivityLauncher,0,1484,18,21,94,11,91,10,butzist-ActivityLauncher-0
phora-AeonDroid,0,68410,89,121,863,86,673,81,phora-AeonDroid-0
tarka-Anode,0,3421,15,18,112,14,99,13,tarka-Anode-0
microg-AppleWifiNlpBackend,0,1306,8,20,79,21,61,15,microg-AppleWifiNlpBackend-0
mjaun-android-anuto,1,9147,78,138,764,72,720,60,mjaun-android-anuto-1
tarka-Anode,1,3521,16,19,114,14,100,13,tarka-Anode-1
microg-AppleWifiNlpBackend,1,1463,7,19,78,21,60,15,microg-AppleWifiNlpBackend-1
daktak-androidpn-client,0,3163,24,32,150,26,124,23,daktak-androidpn-client-0
pi3ch-persian_anysoftkeyboard,1,48,2,7,1,0,1,0,pi3ch-persian_anysoftkeyboard-1
daktak-androidpn-client,1,3792,28,36,174,27,142,24,daktak-androidpn-client-1
jkennethcarino-AnkiEditor,1,1470,18,36,101,7,95,7,jkennethcarino-AnkiEditor-1
senzhk-ADBKeyBoard,0,134,1,2,3,0,3,0,senzhk-ADBKeyBoard-0
senzhk-ADBKeyBoard,1,164,1,2,3,0,3,0,senzhk-ADBKeyBoard-1
linux-colonel-AdminControl,0,301,4,5,24,0,18,0,linux-colonel-AdminControl-0
jkennethcarino-AnkiEditor,0,1386,14,19,102,9,98,9,jkennethcarino-AnkiEditor-0
EXALAB-AnLinux-Adfree,1,4358,12,12,211,0,194,0,EXALAB-AnLinux-Adfree-1
mavidser-attendance-viewer,1,884,6,8,35,2,28,2,mavidser-attendance-viewer-1
k3b-APhotoManager,0,20680,115,148,1297,84,1001,84,k3b-APhotoManager-0
k3b-APhotoManager,1,47584,208,267,2802,170,2219,160,k3b-APhotoManager-1
linux-colonel-AdminControl,1,327,4,5,27,0,19,0,linux-colonel-AdminControl-1
mjaun-android-anuto-v0.9,1,14663,153,248,1190,139,1097,108,mjaun-android-anuto-v0.9-1
ilijamt-android-adbm,1,6893,34,48,246,15,217,14,ilijamt-android-adbm-1
deltazefiro-Amarok-Hider,1,3545,32,44,208,18,186,18,deltazefiro-Amarok-Hider-1
ilijamt-android-adbm,0,3334,26,37,165,10,143,9,ilijamt-android-adbm-0
Arjun-sna-android-permission-checker-app,1,1698,40,40,157,21,134,21,Arjun-sna-android-permission-checker-app-1
Arjun-sna-android-permission-checker-app,0,787,11,14,45,10,33,10,Arjun-sna-android-permission-checker-app-0
woheller69-Arity,0,3085,24,27,200,16,137,16,woheller69-Arity-0
hexedit-amazfit-face-replacer,1,711,5,8,28,3,23,3,hexedit-amazfit-face-replacer-1
woheller69-Arity,1,3330,25,29,214,17,149,17,woheller69-Arity-1
hexedit-amazfit-face-replacer,0,186,1,2,5,0,3,0,hexedit-amazfit-face-replacer-0
tkrajina-10000sentences,0,5507,61,68,344,35,284,25,tkrajina-10000sentences-0
tkrajina-10000sentences,1,6452,67,74,464,40,405,30,tkrajina-10000sentences-1
patri9ck-a2ln-app,1,1903,20,23,85,20,72,19,patri9ck-a2ln-app-1
patri9ck-a2ln-app,0,923,13,16,64,13,55,12,patri9ck-a2ln-app-0
Lesik-open-archnews,0,360,5,5,23,2,14,2,Lesik-open-archnews-0
Domi04151309-AlwaysOn,1,4835,53,105,203,20,172,20,Domi04151309-AlwaysOn-1
Domi04151309-AlwaysOn,0,2149,34,60,104,3,95,3,Domi04151309-AlwaysOn-0
Lesik-open-archnews,1,445,6,8,28,4,19,3,Lesik-open-archnews-1
AnySoftKeyboard-AnySoftKeyboard-1.11,1,49033,387,521,2578,304,2190,285,AnySoftKeyboard-AnySoftKeyboard-1.11-1
bparmentier-APKShare,1,238,4,5,15,3,14,3,bparmentier-APKShare-1
uberspot-2048-android,0,30,1,1,2,0,2,0,uberspot-2048-android-0
itkach-aard2-android,0,5112,27,34,382,19,307,19,itkach-aard2-android-0
uberspot-2048-android,1,195,1,1,9,0,6,0,uberspot-2048-android-1
itkach-aard2-android,1,5519,28,36,405,21,316,21,itkach-aard2-android-1
rtyley-agit-agit-parent,1,10808,147,165,723,101,613,101,rtyley-agit-agit-parent-1
slightlywobbly-adbwireless,1,910,7,7,48,1,46,1,slightlywobbly-adbwireless-1
Dejvino-amdroid,1,7855,59,78,486,42,451,40,Dejvino-amdroid-1
Gitsaibot-AF-Weather-Widget,1,11015,39,62,402,36,305,27,Gitsaibot-AF-Weather-Widget-1
tabletradio-altlauncher,1,1620,13,17,87,7,75,7,tabletradio-altlauncher-1
rosenpin-AlwaysOnAmoledPlugin,1,28,1,1,2,0,2,0,rosenpin-AlwaysOnAmoledPlugin-1
Gitsaibot-AF-Weather-Widget,0,11608,35,62,405,39,294,30,Gitsaibot-AF-Weather-Widget-0
fighthawkarg-NasaApodCL,1,936,10,12,70,5,55,5,fighthawkarg-NasaApodCL-1
rascarlo-AdaptiveBrightnessTile,0,255,5,5,22,0,18,0,rascarlo-AdaptiveBrightnessTile-0
ukanth-afwall,0,25766,104,157,1250,76,1022,66,ukanth-afwall-0
rascarlo-AdaptiveBrightnessTile,1,241,5,5,18,0,14,0,rascarlo-AdaptiveBrightnessTile-1
daktak-afh_downloader,1,2389,15,24,94,5,86,5,daktak-afh_downloader-1
ukanth-afwall,1,33139,128,203,1546,98,1244,87,ukanth-afwall-1
ReeceStevens-ut_ewh_audiometer_2014,1,1734,13,15,79,0,78,0,ReeceStevens-ut_ewh_audiometer_2014-1
TeamAmaze-AmazeFileManager,0,44232,223,300,1875,237,1556,223,TeamAmaze-AmazeFileManager-0
TeamAmaze-AmazeFileManager,1,70632,434,612,2673,359,2160,342,TeamAmaze-AmazeFileManager-1
daktak-afh_downloader,0,1499,13,18,66,2,60,2,daktak-afh_downloader-0
aghontpi-ad-silence-v0.0.0,1,129,2,2,7,0,7,0,aghontpi-ad-silence-v0.0.0-1
Alberto97-AlwaysOnDisplayToggle,0,137,3,3,12,0,3,0,Alberto97-AlwaysOnDisplayToggle-0
phora-AeonDroid,1,70154,101,134,951,94,755,90,phora-AeonDroid-1
Alberto97-AlwaysOnDisplayToggle,1,137,3,3,12,0,3,0,Alberto97-AlwaysOnDisplayToggle-1
fighthawkarg-NasaApodCL,0,905,10,12,68,5,54,5,fighthawkarg-NasaApodCL-0
kraigs-android-kraigsandroid-alarmclock,1,4146,29,35,282,28,255,27,kraigs-android-kraigsandroid-alarmclock-1
beemdevelopment-Aegis,1,21629,188,301,1401,245,1160,193,beemdevelopment-Aegis-1
beemdevelopment-Aegis,0,11136,112,156,803,133,678,108,beemdevelopment-Aegis-0
netmackan-ATimeTracker,0,3424,10,14,157,9,121,9,netmackan-ATimeTracker-0
netmackan-ATimeTracker,1,3730,10,14,169,9,124,9,netmackan-ATimeTracker-1
rascarlo-ArchPackages,0,3384,36,38,216,29,196,26,rascarlo-ArchPackages-0
uberspot-AnagramSolver,0,928,4,6,57,3,49,3,uberspot-AnagramSolver-0
uberspot-AnagramSolver,1,982,4,6,60,3,51,3,uberspot-AnagramSolver-1
rascarlo-ArchPackages,1,3520,39,41,215,32,196,29,rascarlo-ArchPackages-1
Dimowner-AudioRecorder,1,23884,114,221,1953,100,1719,76,Dimowner-AudioRecorder-1
andstatus-andstatus-60.01,1,66589,441,1353,4306,356,3497,291,andstatus-andstatus-60.01-1
lllllT-AtmosphereLogger,1,2279,15,24,132,18,111,13,lllllT-AtmosphereLogger-1
EventInfra-wifisetup,1,505,1,1,16,0,11,0,EventInfra-wifisetup-1
fr3ts0n-AndrOBD-Plugin,0,1309,11,15,57,7,56,7,fr3ts0n-AndrOBD-Plugin-0
lllllT-AtmosphereLogger,0,1518,8,17,70,16,53,12,lllllT-AtmosphereLogger-0
fr3ts0n-AndrOBD-Plugin,1,1044,12,12,47,4,47,4,fr3ts0n-AndrOBD-Plugin-1
dozingcat-AsciiCam,1,3421,22,35,217,12,200,11,dozingcat-AsciiCam-1
klassm-andFHEM,0,43790,519,860,2469,432,1987,423,klassm-andFHEM-0
klassm-andFHEM,1,41076,526,1006,2265,440,1789,435,klassm-andFHEM-1
AdguardTeam-ContentBlocker,0,10962,66,81,612,50,528,47,AdguardTeam-ContentBlocker-0
AdguardTeam-ContentBlocker,1,8838,62,82,516,40,413,38,AdguardTeam-ContentBlocker-1
mkg20001-aruba-networks-login,0,569,5,11,34,1,23,1,mkg20001-aruba-networks-login-0
sdex-ActivityManager,1,6424,96,165,394,43,328,41,sdex-ActivityManager-1
sdex-ActivityManager,0,6954,95,163,401,40,321,38,sdex-ActivityManager-0
evilcorpltd-aTox,0,3367,62,105,284,40,261,40,evilcorpltd-aTox-0
aghontpi-ad-silence,1,1317,9,16,59,4,41,4,aghontpi-ad-silence-1
evilcorpltd-aTox,1,7567,87,214,501,60,448,58,evilcorpltd-aTox-1
mkg20001-aruba-networks-login,1,684,7,20,44,3,32,3,mkg20001-aruba-networks-login-1
lucasdnd-16-bit-clock,1,226,2,2,10,0,6,0,lucasdnd-16-bit-clock-1
pi3ch-ssh_anysoftkeyboard,1,14,1,1,1,0,1,0,pi3ch-ssh_anysoftkeyboard-1
adneal-Apollo-CM,1,36282,146,200,1483,155,1265,139,adneal-Apollo-CM-1
d4rken-reddit-android-appstore,1,5947,102,130,456,67,433,66,d4rken-reddit-android-appstore-1
Dimowner-AudioRecorder,0,9989,55,82,923,44,856,26,Dimowner-AudioRecorder-0
charbgr-Anagram-Solver,1,1229,16,18,64,9,56,6,charbgr-Anagram-Solver-1
markmcavoy-androidtoken,0,5636,25,40,220,22,191,21,markmcavoy-androidtoken-0
apk-editor-APK-Explorer-Editor,1,7909,67,83,397,45,351,45,apk-editor-APK-Explorer-Editor-1
markmcavoy-androidtoken,1,6025,31,37,252,23,215,22,markmcavoy-androidtoken-1
apk-editor-APK-Explorer-Editor,0,2603,24,31,156,13,125,13,apk-editor-APK-Explorer-Editor-0
tstein-AndroSS,1,2303,10,14,83,3,73,2,tstein-AndroSS-1
tstein-AndroSS,0,1577,6,9,47,3,41,2,tstein-AndroSS-0
AChep-AcDisplay,1,45551,257,402,2451,224,2065,208,AChep-AcDisplay-1
AChep-AcDisplay,0,37765,213,333,1998,186,1703,169,AChep-AcDisplay-0
Mystro256-autooffbluetooth,1,96,2,2,5,0,4,0,Mystro256-autooffbluetooth-1
airmessage-airmessage-android-rel,1,85705,496,746,3889,511,3224,470,airmessage-airmessage-android-rel-1
Stichoza-AnySoftKeyboardLanguagePackGeorgian,1,51,3,8,1,0,1,0,Stichoza-AnySoftKeyboardLanguagePackGeorgian-1
airmessage-airmessage-android-rel,0,46021,265,422,2229,307,1802,289,airmessage-airmessage-android-rel-0
kevinhinterlong-archwiki-viewer,1,934,17,15,57,8,47,8,kevinhinterlong-archwiki-viewer-1
librespeed-speedtest-android,1,2754,19,22,283,24,258,24,librespeed-speedtest-android-1
kevinhinterlong-archwiki-viewer,0,1024,15,18,59,11,56,6,kevinhinterlong-archwiki-viewer-0
librespeed-speedtest-android,0,2663,19,21,278,24,254,24,librespeed-speedtest-android-0
jroal-a2dpvolume,1,9357,22,38,406,12,345,12,jroal-a2dpvolume-1
FunkyMuse-Aurora,0,5059,80,71,184,24,139,24,FunkyMuse-Aurora-0
deltazefiro-Amarok-Hider-v0.5,1,1497,5,13,85,1,83,1,deltazefiro-Amarok-Hider-v0.5-1
MuntashirAkon-AppManager-pre,1,93035,500,695,4715,456,4020,396,MuntashirAkon-AppManager-pre-1
brosmike-AirPush-Detector,1,844,6,16,43,5,37,5,brosmike-AirPush-Detector-1
dnet-adsdroid,1,371,4,6,20,4,20,3,dnet-adsdroid-1
dnet-adsdroid,0,325,4,6,18,4,18,3,dnet-adsdroid-0
FunkyMuse-Aurora,1,6806,109,118,260,38,208,38,FunkyMuse-Aurora-1
fr3ts0n-AndrOBD,0,24147,99,101,794,129,698,126,fr3ts0n-AndrOBD-0
fr3ts0n-AndrOBD,1,25398,101,103,828,125,573,115,fr3ts0n-AndrOBD-1
robotmedia-droid-comic-viewer,1,22629,144,147,1320,100,1107,88,robotmedia-droid-comic-viewer-1
robotmedia-droid-comic-viewer,0,22132,142,144,1287,97,1079,85,robotmedia-droid-comic-viewer-0
ramack-ActivityDiary,0,1712,13,22,60,10,60,6,ramack-ActivityDiary-0
AntonioRedondo-AnotherMonitor,1,3251,8,11,150,3,130,3,AntonioRedondo-AnotherMonitor-1
AntonioRedondo-AnotherMonitor,0,3641,9,13,168,3,146,3,AntonioRedondo-AnotherMonitor-0
OldSparkyMI-aRevelation,1,1530,14,19,91,10,80,10,OldSparkyMI-aRevelation-1
8enet-AppOpsX,0,2896,28,37,203,29,174,25,8enet-AppOpsX-0
jeppsson-Arduino-Communicator,1,546,3,4,24,1,18,1,jeppsson-Arduino-Communicator-1
AnySoftKeyboard-AnySoftKeyboard-1.5,1,32225,202,269,1711,187,1443,174,AnySoftKeyboard-AnySoftKeyboard-1.5-1
seemoo-lab-AirGuard,0,4109,70,94,256,43,220,43,seemoo-lab-AirGuard-0
seemoo-lab-AirGuard,1,8835,119,191,463,71,399,71,seemoo-lab-AirGuard-1
AsteroidOS-AsteroidOSSync,0,64471,285,458,3954,448,3294,380,AsteroidOS-AsteroidOSSync-0
ksksue-Android-USB-Serial-Monitor-Lite,1,1395,5,7,50,0,39,0,ksksue-Android-USB-Serial-Monitor-Lite-1
AsteroidOS-AsteroidOSSync,1,12537,68,129,577,84,465,81,AsteroidOS-AsteroidOSSync-1
JanSvoboda-aeonsend-randomizer,1,2937,35,31,203,28,186,27,JanSvoboda-aeonsend-randomizer-1
LonamiWebs-Klooni1010,1,5422,40,47,305,34,261,31,LonamiWebs-Klooni1010-1
aistra0528-ArknightsTap,1,2546,25,39,159,9,100,6,aistra0528-ArknightsTap-1
ashutoshgngwr-10-bitClockWidget-v2.1,1,755,8,8,46,4,22,3,ashutoshgngwr-10-bitClockWidget-v2.1-1
LonamiWebs-Klooni1010,0,2242,19,19,124,15,107,12,LonamiWebs-Klooni1010-0
8enet-AppOpsX,1,15033,103,138,926,84,775,77,8enet-AppOpsX-1
aistra0528-ArknightsTap,0,2888,26,30,193,14,118,10,aistra0528-ArknightsTap-0
AndBible-and-bible-alpha,1,46650,270,926,2387,284,1940,283,AndBible-and-bible-alpha-1
the3deers-android-3D-model-viewer,1,22958,111,125,1008,109,768,95,the3deers-android-3D-model-viewer-1
kertase-neo_anysoftkeyboard,1,14,1,1,1,0,1,0,kertase-neo_anysoftkeyboard-1
kertase-neo_anysoftkeyboard,0,14,1,1,1,0,1,0,kertase-neo_anysoftkeyboard-0
bpear96-ARChon-Packager,1,1221,8,8,68,6,59,5,bpear96-ARChon-Packager-1
invano-AmbientWeatherDashClockExtension,1,301,2,2,21,0,19,0,invano-AmbientWeatherDashClockExtension-1
the3deers-android-3D-model-viewer,0,6705,24,57,331,36,296,35,the3deers-android-3D-model-viewer-0
SecUSo-privacy-friendly-2048,1,4495,20,27,217,18,200,18,SecUSo-privacy-friendly-2048-1
adrian-bl-APN-Switch,1,642,4,8,44,5,28,5,adrian-bl-APN-Switch-1
andstatus-game2048-1.12.0,1,6427,84,195,452,61,383,57,andstatus-game2048-1.12.0-1
j4velin-SystemAppMover,1,867,5,6,36,3,35,3,j4velin-SystemAppMover-1
SecUSo-privacy-friendly-2048,0,4489,20,27,216,18,199,18,SecUSo-privacy-friendly-2048-0
Mystro256-autooffbluetooth,0,38,2,2,2,0,2,0,Mystro256-autooffbluetooth-0
scar45-aokp-co-webviewer,1,303,1,1,14,0,14,0,scar45-aokp-co-webviewer-1
jdmonin-anstop,0,1381,8,19,48,5,46,5,jdmonin-anstop-0
jdmonin-anstop,1,3886,8,20,116,8,99,8,jdmonin-anstop-1
cmeng-git-atalk-android,1,496063,2276,2840,20000,1928,17148,1803,cmeng-git-atalk-android-1
GermainZ-ActivityForceNewTask,1,576,7,8,32,2,27,2,GermainZ-ActivityForceNewTask-1
tran-khoa-ANNO1404-Warenrechner-App,1,4310,51,53,293,31,269,28,tran-khoa-ANNO1404-Warenrechner-App-1
SubhamTyagi-AppLock,0,8387,58,86,541,45,479,41,SubhamTyagi-AppLock-0
SubhamTyagi-AppLock,1,9313,76,101,611,60,534,52,SubhamTyagi-AppLock-1
benjaminaigner-aiproute,1,1762,10,14,81,1,78,1,benjaminaigner-aiproute-1
wakhub-tinyclock,1,480,4,5,25,1,19,1,wakhub-tinyclock-1
tejado-Authorizer,1,55732,273,436,2433,344,2002,304,tejado-Authorizer-1
wakhub-tinyclock,0,8,1,1,0,0,0,0,wakhub-tinyclock-0
MBach-AutoAirplaneMode,1,720,7,8,30,1,18,1,MBach-AutoAirplaneMode-1
devgianlu-Aria2Android,1,619,9,11,45,3,40,2,devgianlu-Aria2Android-1
MBach-AutoAirplaneMode,0,708,7,8,30,1,18,1,MBach-AutoAirplaneMode-0
kraigs-android-kraigsandroid-brightnessprof,1,4356,19,44,240,24,188,21,kraigs-android-kraigsandroid-brightnessprof-1
devgianlu-Aria2Android,0,1463,12,16,86,4,66,4,devgianlu-Aria2Android-0
d4rken-reddit-android-appstore,0,2172,43,51,197,19,193,19,d4rken-reddit-android-appstore-0
MajeurAndroid-Applications-Info,1,3751,16,25,235,11,193,10,MajeurAndroid-Applications-Info-1
danielegobbetti-ICSImport,1,108,1,1,2,0,2,0,danielegobbetti-ICSImport-1
danielegobbetti-ICSImport,0,95,1,1,2,0,2,0,danielegobbetti-ICSImport-0
IgorKruchinin-AchieApp,1,2572,18,31,130,25,124,25,IgorKruchinin-AchieApp-1
devgianlu-Aria2App,0,21276,153,268,1452,205,1231,165,devgianlu-Aria2App-0
devgianlu-Aria2App,1,23876,159,287,1581,232,1337,195,devgianlu-Aria2App-1
mueller-ma-View-android-version,1,100,1,1,1,0,1,0,mueller-ma-View-android-version-1
huckleberrypie-Argentum,1,158,2,4,8,0,8,0,huckleberrypie-Argentum-1
huckleberrypie-Argentum,0,75,1,1,3,0,3,0,huckleberrypie-Argentum-0
ashutoshgngwr-10-bitClockWidget,1,542,7,7,28,1,21,1,ashutoshgngwr-10-bitClockWidget-1
pro1mantis-ArsoVreme-webapp,1,38,1,2,2,0,2,0,pro1mantis-ArsoVreme-webapp-1
yuttadhammo-E-Tipitaka-for-Android,1,9676,38,53,472,40,409,39,yuttadhammo-E-Tipitaka-for-Android-1
pro1mantis-ArsoVreme-webapp,0,35,1,2,2,0,2,0,pro1mantis-ArsoVreme-webapp-0
helloworld1-AnyMemo,1,26036,168,230,1586,124,1380,120,helloworld1-AnyMemo-1
andstatus-game2048-0.07,1,2344,28,93,174,26,136,26,andstatus-game2048-0.07-1
dkter-aaaaa,0,224,3,4,18,1,17,1,dkter-aaaaa-0
fennifith-Alarmio,0,7392,64,89,524,75,499,74,fennifith-Alarmio-0
tughi-aggregator-android-preview,0,12556,125,636,664,251,598,241,tughi-aggregator-android-preview-0
fennifith-Alarmio,1,8368,75,118,473,90,431,89,fennifith-Alarmio-1
tughi-aggregator-android-preview,1,3588,33,134,207,39,181,39,tughi-aggregator-android-preview-1
z3r0c00l-2k-AquaDroid,0,1212,12,14,29,4,24,4,z3r0c00l-2k-AquaDroid-0
bailuk-AAT,1,66640,948,1099,6697,826,5949,810,bailuk-AAT-1
z3r0c00l-2k-AquaDroid,1,1394,12,18,40,5,35,5,z3r0c00l-2k-AquaDroid-1
helloworld1-AnyMemo,0,29244,199,262,1748,141,1553,131,helloworld1-AnyMemo-0
dkter-aaaaa,1,462,3,5,37,1,31,1,dkter-aaaaa-1
sussman-androidomatic-keyer,1,2641,14,12,91,7,62,6,sussman-androidomatic-keyer-1
antonwolf-antons-apps,1,1775,20,32,50,8,38,6,antonwolf-antons-apps-1
lsubel-amam-cordova,0,7264,39,54,505,50,482,48,lsubel-amam-cordova-0
lsubel-amam-cordova,1,16009,93,127,1068,98,1016,94,lsubel-amam-cordova-1
thialfihar-apg,0,28315,136,210,1103,118,907,109,thialfihar-apg-0
thialfihar-apg,1,28352,136,210,1104,118,907,109,thialfihar-apg-1
DizzyThermal-Auto-Away,1,3917,14,14,200,11,182,11,DizzyThermal-Auto-Away-1
tabletradio-altlauncher-v0.01,1,653,9,12,44,5,38,5,tabletradio-altlauncher-v0.01-1
andstatus-game2048-0.07,TOTALS,2344,28,93,174,26,136,26,
tkrajina-10000sentences,TOTALS,11959,128,142,808,75,689,55,
lllllT-AtmosphereLogger,TOTALS,3797,23,41,202,34,164,25,
tstein-AndroSS,TOTALS,3880,16,23,130,6,114,4,
ksksue-Android-USB-Serial-Monitor-Lite,TOTALS,1395,5,7,50,0,39,0,
bpear96-ARChon-Packager,TOTALS,1221,8,8,68,6,59,5,
jenspfahl-ANOTHERpass,TOTALS,30774,275,472,1600,126,1214,124,
aghontpi-ad-silence-v0.0.0,TOTALS,129,2,2,7,0,7,0,
OldSparkyMI-aRevelation,TOTALS,1530,14,19,91,10,80,10,
nolanlawson-AppTracker,TOTALS,9183,50,54,564,18,432,18,
robotmedia-droid-comic-viewer,TOTALS,44761,286,291,2607,197,2186,173,
Raidenxd2-always_on_clock_normal,TOTALS,24,1,1,1,0,1,0,
jdeslip-arxiv-mobile,TOTALS,4553,16,24,150,4,131,4,
pi3ch-persian_anysoftkeyboard,TOTALS,48,2,7,1,0,1,0,
thialfihar-apg,TOTALS,56667,272,420,2207,236,1814,218,
AdguardTeam-ContentBlocker,TOTALS,19800,128,163,1128,90,941,85,
apk-editor-APK-Explorer-Editor,TOTALS,10512,91,114,553,58,476,58,
MuntashirAkon-AppManager-pre,TOTALS,93035,500,695,4715,456,4020,396,
abertschi-ad-free,TOTALS,6631,102,145,532,60,465,56,
jroal-a2dpvolume,TOTALS,9357,22,38,406,12,345,12,
daktak-afh_downloader,TOTALS,3888,28,42,160,7,146,7,
danielegobbetti-ICSImport,TOTALS,203,2,2,4,0,4,0,
daktak-androidpn-client,TOTALS,6955,52,68,324,53,266,47,
jkennethcarino-AnkiEditor,TOTALS,2856,32,55,203,16,193,16,
librespeed-speedtest-android,TOTALS,5417,38,43,561,48,512,48,
mjaun-android-anuto,TOTALS,9147,78,138,764,72,720,60,
jeppsson-Arduino-Communicator,TOTALS,546,3,4,24,1,18,1,
MajeurAndroid-Applications-Info,TOTALS,3751,16,25,235,11,193,10,
ashutoshgngwr-10-bitClockWidget-v2.1,TOTALS,755,8,8,46,4,22,3,
woheller69-Arity,TOTALS,6415,49,56,414,33,286,33,
mkg20001-aruba-networks-login,TOTALS,1253,12,31,78,4,55,4,
devgianlu-Aria2Android,TOTALS,2082,21,27,131,7,106,6,
FunkyMuse-Aurora,TOTALS,11865,189,189,444,62,347,62,
hexedit-amazfit-face-replacer,TOTALS,897,6,10,33,3,26,3,
Gitsaibot-AF-Weather-Widget,TOTALS,22623,74,124,807,75,599,57,
fennifith-Alarmio,TOTALS,15760,139,207,997,165,930,163,
antlersoft-android-vnc-viewer,TOTALS,13961,78,95,723,54,625,53,
Dejvino-amdroid,TOTALS,7855,59,78,486,42,451,40,
benjaminaigner-aiproute,TOTALS,1762,10,14,81,1,78,1,
AChep-AcDisplay,TOTALS,83316,470,735,4449,410,3768,377,
seemoo-lab-AirGuard,TOTALS,12944,189,285,719,114,619,114,
andstatus-andstatus-30.00,TOTALS,48977,287,311,3072,253,2497,171,
flackbash-AudioAnchor,TOTALS,11890,54,73,592,37,458,34,
tabletradio-altlauncher,TOTALS,1620,13,17,87,7,75,7,
HugoGresse-Anecdote,TOTALS,9695,113,134,480,104,455,102,
fighthawkarg-NasaApodCL,TOTALS,1841,20,24,138,10,109,10,
d4rken-reddit-android-appstore,TOTALS,8119,145,181,653,86,626,85,
aghontpi-ad-silence,TOTALS,1317,9,16,59,4,41,4,
8enet-AppOpsX,TOTALS,17929,131,175,1129,113,949,102,
cmeng-git-atalk-android,TOTALS,496063,2276,2840,20000,1928,17148,1803,
ilijamt-android-adbm,TOTALS,10227,60,85,411,25,360,23,
patri9ck-a2ln-app,TOTALS,2826,33,39,149,33,127,31,
DizzyThermal-Auto-Away,TOTALS,3917,14,14,200,11,182,11,
lucasdnd-16-bit-clock,TOTALS,226,2,2,10,0,6,0,
deltazefiro-Amarok-Hider,TOTALS,3545,32,44,208,18,186,18,
mueller-ma-View-android-version,TOTALS,100,1,1,1,0,1,0,
helloworld1-AnyMemo,TOTALS,55280,367,492,3334,265,2933,251,
krmanik-Anki-Occlusion,TOTALS,28920,135,187,1643,138,1412,129,
gwhiteside-abstract-art,TOTALS,6317,27,41,269,33,228,33,
senzhk-ADBKeyBoard,TOTALS,298,2,4,6,0,6,0,
akvo-akvo-rsr-up,TOTALS,28621,110,141,1353,71,1239,65,
k3b-APhotoManager,TOTALS,68264,323,415,4099,254,3220,244,
microg-AppleWifiNlpBackend,TOTALS,2769,15,39,157,42,121,30,
slightlywobbly-adbwireless,TOTALS,910,7,7,48,1,46,1,
tompreuss-APNSettings,TOTALS,46,1,1,2,0,2,0,
uberspot-2048-android,TOTALS,225,2,2,11,0,8,0,
pro1mantis-ArsoVreme-webapp,TOTALS,73,2,4,4,0,4,0,
iamtrk-Device-Explorer,TOTALS,1796,10,32,90,30,75,30,
moparisthebest-AppBak,TOTALS,3367,18,29,133,10,93,10,
TrianguloY-Adnihilation,TOTALS,660,7,9,27,5,17,5,
ukanth-afwall,TOTALS,58905,232,360,2796,174,2266,153,
NyxTrail-aksharam,TOTALS,9006,50,68,416,60,380,54,
lolo-io-OneList-onelist,TOTALS,3125,31,50,223,21,187,21,
bailuk-AAT,TOTALS,66640,948,1099,6697,826,5949,810,
beemdevelopment-Aegis,TOTALS,32765,300,457,2204,378,1838,301,
Domi04151309-AlwaysOn,TOTALS,6984,87,165,307,23,267,23,
kraigs-android-kraigsandroid-alarmclock,TOTALS,4146,29,35,282,28,255,27,
evilcorpltd-aTox,TOTALS,10934,149,319,785,100,709,98,
scar45-aokp-co-webviewer,TOTALS,303,1,1,14,0,14,0,
IsaNexusDev-androidcpg,TOTALS,4891,20,31,217,16,208,16,
OldSparkyMI-aRevelation-REL,TOTALS,3480,26,31,195,14,165,14,
Allsimon-Alldebrid,TOTALS,2481,29,33,291,8,281,8,
EventInfra-wifisetup,TOTALS,505,1,1,16,0,11,0,
j4velin-SystemAppMover,TOTALS,867,5,6,36,3,35,3,
AndorsTrailRelease-andors-trail,TOTALS,27273,202,281,2077,174,1655,171,
Lesik-open-archnews,TOTALS,805,11,13,51,6,33,5,
ligi-AJShA,TOTALS,924,16,16,71,6,64,6,
adrian-bl-APN-Switch,TOTALS,642,4,8,44,5,28,5,
linux-colonel-AdminControl,TOTALS,628,8,10,51,0,37,0,
netmackan-ATimeTracker,TOTALS,7154,20,28,326,18,245,18,
APN-Pucky-ArcheryStats,TOTALS,1530,8,8,108,2,94,2,
wakhub-tinyclock,TOTALS,488,5,6,25,1,19,1,
rosenpin-AlwaysOnAmoledPlugin,TOTALS,28,1,1,2,0,2,0,
gryphius-androdns,TOTALS,3202,20,20,164,18,132,18,
tughi-aggregator-android-preview,TOTALS,16144,158,770,871,290,779,280,
airmessage-airmessage-android-rel,TOTALS,131726,761,1168,6118,818,5026,759,
LonamiWebs-Klooni1010,TOTALS,7664,59,66,429,49,368,43,
ghackett-AppAlarm,TOTALS,5215,22,28,310,18,220,18,
MuntashirAkon-AppManager-v3.2.0,TOTALS,134225,679,962,7798,746,6651,669,
fighthawkarg-NasaApodMD,TOTALS,1606,18,22,120,8,93,8,
tejado-Authorizer-v0.2.4,TOTALS,37664,170,255,1746,199,1467,186,
deltazefiro-Amarok-Hider-v0.5,TOTALS,1497,5,13,85,1,83,1,
dnet-adsdroid,TOTALS,696,8,12,38,8,38,6,
pedja1-aLogcatRoot,TOTALS,3913,18,23,207,15,173,9,
TeamAmaze-AmazeFileManager,TOTALS,114864,657,912,4548,596,3716,565,
MatteCarra-AccA,TOTALS,10452,77,129,781,48,704,48,
lsubel-amam-cordova,TOTALS,23273,132,181,1573,148,1498,142,
AnySoftKeyboard-AnySoftKeyboard-1.5,TOTALS,32225,202,269,1711,187,1443,174,
AntennaPod-AntennaPod,TOTALS,112132,791,945,6532,666,5359,553,
klassm-andFHEM,TOTALS,84866,1045,1866,4734,872,3776,858,
z3r0c00l-2k-AquaDroid,TOTALS,2606,24,32,69,9,59,9,
alt236-Android-Drawables---Android,TOTALS,5332,26,48,104,16,82,16,
aistra0528-ArknightsTap,TOTALS,5434,51,69,352,23,218,16,
the3deers-android-3D-model-viewer,TOTALS,29663,135,182,1339,145,1064,130,
SubhamTyagi-AppLock,TOTALS,17700,134,187,1152,105,1013,93,
ashutoshgngwr-10-bitClockWidget,TOTALS,542,7,7,28,1,21,1,
AnySoftKeyboard-AnySoftKeyboard-1.11,TOTALS,49033,387,521,2578,304,2190,285,
2bllw8-anemo,TOTALS,4280,33,37,258,22,195,13,
quaap-AudioMeter,TOTALS,1297,9,10,73,8,65,8,
yuttadhammo-E-Tipitaka-for-Android,TOTALS,9676,38,53,472,40,409,39,
tube42-9p,TOTALS,6768,73,73,389,50,295,50,
butzist-ActivityLauncher,TOTALS,3482,43,51,218,21,188,19,
IgorKruchinin-AchieApp,TOTALS,2572,18,31,130,25,124,25,
rascarlo-ArchPackages,TOTALS,6904,75,79,431,61,392,55,
pfalcon-apps2org,TOTALS,23526,131,167,1266,206,1149,204,
Sash0k-ActivityLauncher-v,TOTALS,2242,26,35,142,11,118,10,
axxapy-apkExtractor,TOTALS,1097,7,15,70,11,59,11,
JanSvoboda-aeonsend-randomizer,TOTALS,2937,35,31,203,28,186,27,
markmcavoy-androidtoken,TOTALS,11661,56,77,472,45,406,43,
JakeWharton-SdkSearch,TOTALS,5234,143,206,289,51,270,51,
AndBible-and-bible-alpha,TOTALS,46650,270,926,2387,284,1940,283,
jdmonin-anstop,TOTALS,5267,16,39,164,13,145,13,
AsteroidOS-AsteroidOSSync,TOTALS,77008,353,587,4531,532,3759,461,
Dimowner-AudioRecorder,TOTALS,33873,169,303,2876,144,2575,102,
dkter-aaaaa,TOTALS,686,6,9,55,2,48,2,
andreynovikov-Androzic,TOTALS,31515,125,172,1353,116,1203,115,
rootkiwi-an2linuxclient,TOTALS,13202,118,157,643,72,537,69,
devgianlu-Aria2App,TOTALS,45152,312,555,3033,437,2568,360,
sussman-androidomatic-keyer,TOTALS,2641,14,12,91,7,62,6,
antonwolf-antons-apps,TOTALS,1775,20,32,50,8,38,6,
itkach-aard2-android,TOTALS,10631,55,70,787,40,623,40,
ReeceStevens-ut_ewh_audiometer_2014,TOTALS,1734,13,15,79,0,78,0,
bailuk-AAT-v0.8,TOTALS,36296,425,544,2899,449,2555,433,
uberspot-AnagramSolver,TOTALS,1910,8,12,117,6,100,6,
jecelyin-920-Text-Editor-old,TOTALS,14997,52,91,635,56,537,49,
xxv-24hAnalogWidget,TOTALS,1507,12,15,71,8,55,8,
TeamAmaze-AmazeFileUtilities,TOTALS,69366,341,711,2910,264,2243,262,
mjaun-android-anuto-v0.9,TOTALS,14663,153,248,1190,139,1097,108,
AntonioRedondo-AnotherMonitor,TOTALS,6892,17,24,318,6,276,6,
kraigs-android-kraigsandroid-brightnessprof,TOTALS,4356,19,44,240,24,188,21,
EventFahrplan-EventFahrplan,TOTALS,25468,344,467,1323,219,1076,210,
ramack-ActivityDiary,TOTALS,11141,54,91,440,45,387,28,
fr3ts0n-AndrOBD-Plugin,TOTALS,2353,23,27,104,11,103,11,
charbgr-Anagram-Solver,TOTALS,1229,16,18,64,9,56,6,
tran-khoa-ANNO1404-Warenrechner-App,TOTALS,4310,51,53,293,31,269,28,
GermainZ-ActivityForceNewTask,TOTALS,576,7,8,32,2,27,2,
brosmike-AirPush-Detector,TOTALS,844,6,16,43,5,37,5,
sdex-ActivityManager,TOTALS,13378,191,328,795,83,649,79,
Stichoza-AnySoftKeyboardLanguagePackGeorgian,TOTALS,51,3,8,1,0,1,0,
kevinhinterlong-archwiki-viewer,TOTALS,1958,32,33,116,19,103,14,
phora-AeonDroid,TOTALS,138564,190,255,1814,180,1428,171,
EXALAB-AnLinux-Adfree,TOTALS,4358,12,12,211,0,194,0,
greenaddress-abcore,TOTALS,4740,34,62,260,13,161,13,
dozingcat-AsciiCam-v1.2.4,TOTALS,3421,22,35,217,12,200,11,
tabletradio-altlauncher-v0.01,TOTALS,653,9,12,44,5,38,5,
SecUSo-privacy-friendly-2048,TOTALS,8984,40,54,433,36,399,36,
bparmentier-APKShare,TOTALS,238,4,5,15,3,14,3,
flide-8VIM-iteration,TOTALS,3107,28,25,198,32,133,27,
AndBible-and-bible-production,TOTALS,43312,267,883,2220,264,1837,263,
fr3ts0n-AndrOBD,TOTALS,49545,200,204,1622,254,1271,241,
kertase-neo_anysoftkeyboard,TOTALS,28,2,2,2,0,2,0,
MBach-AutoAirplaneMode,TOTALS,1428,14,16,60,2,36,2,
Mystro256-autooffbluetooth,TOTALS,134,4,4,7,0,6,0,
tejado-Authorizer,TOTALS,55732,273,436,2433,344,2002,304,
adneal-Apollo-CM,TOTALS,36282,146,200,1483,155,1265,139,
Arjun-sna-android-permission-checker-app,TOTALS,2485,51,54,202,31,167,31,
billthefarmer-accordion,TOTALS,3118,9,10,68,4,43,3,
woheller69-audio-analyzer-for-android,TOTALS,17864,60,81,748,69,550,65,
andstatus-andstatus-60.01,TOTALS,66589,441,1353,4306,356,3497,291,
rascarlo-AURdroid,TOTALS,3813,36,67,234,25,183,22,
rascarlo-AdaptiveBrightnessTile,TOTALS,496,10,10,40,0,32,0,
JiriSko-amixer-webui-android,TOTALS,4627,64,69,274,47,244,47,
tarka-Anode,TOTALS,6942,31,37,226,28,199,26,
andstatus-game2048-1.12.0,TOTALS,6427,84,195,452,61,383,57,
huckleberrypie-Argentum,TOTALS,233,3,5,11,0,11,0,
yoshi1123-adbio,TOTALS,655,8,10,23,15,20,14,
pi3ch-ssh_anysoftkeyboard,TOTALS,14,1,1,1,0,1,0,
mavidser-attendance-viewer,TOTALS,884,6,8,35,2,28,2,
rtyley-agit-agit-parent,TOTALS,10808,147,165,723,101,613,101,
Alberto97-AlwaysOnDisplayToggle,TOTALS,274,6,6,24,0,6,0,
dozingcat-AsciiCam,TOTALS,3421,22,35,217,12,200,11,
AnderWeb-android_packages_apps_Launcher,TOTALS,30512,88,215,1496,180,1214,177,
invano-AmbientWeatherDashClockExtension,TOTALS,301,2,2,21,0,19,0,
