prg. name,prg. version,cu,kind
trackworktime	1.0.0	0003-trackworktime-v1.0.0/app/src/main/java/org/zephyrsoft/trackworktime/AboutActivity.java	onCreate(Bundle)	method
trackworktime	1.0.0	0003-trackworktime-v1.0.0/app/src/main/java/org/zephyrsoft/trackworktime/backup/WorkTimeTrackerBackupAgentHelper.java	performBackup(ParcelFileDescriptor,	method
trackworktime	1.0.0	0003-trackworktime-v1.0.0/app/src/main/java/org/zephyrsoft/trackworktime/EventEditActivity.java	onPause()	method
trackworktime	1.0.0	0003-trackworktime-v1.0.0/app/src/main/java/org/zephyrsoft/trackworktime/EventEditActivity.java	onCreate(Bundle)	method
trackworktime	1.0.0	0003-trackworktime-v1.0.0/app/src/main/java/org/zephyrsoft/trackworktime/EventEditActivity.java	onResume()	method
trackworktime	1.0.0	0003-trackworktime-v1.0.0/app/src/main/java/org/zephyrsoft/trackworktime/EventListActivity.java	onPause()	method
trackworktime	1.0.0	0003-trackworktime-v1.0.0/app/src/main/java/org/zephyrsoft/trackworktime/EventListActivity.java	onCreate(Bundle)	method
trackworktime	1.0.0	0003-trackworktime-v1.0.0/app/src/main/java/org/zephyrsoft/trackworktime/EventListActivity.java	onCreateOptionsMenu(Menu)	method
trackworktime	1.0.0	0003-trackworktime-v1.0.0/app/src/main/java/org/zephyrsoft/trackworktime/EventListActivity.java	onCreateActionMode(ActionMode,	method
trackworktime	1.0.0	0003-trackworktime-v1.0.0/app/src/main/java/org/zephyrsoft/trackworktime/InsertDefaultTimesActivity.java	onPause()	method
trackworktime	1.0.0	0003-trackworktime-v1.0.0/app/src/main/java/org/zephyrsoft/trackworktime/InsertDefaultTimesActivity.java	onCreate(Bundle)	method
trackworktime	1.0.0	0003-trackworktime-v1.0.0/app/src/main/java/org/zephyrsoft/trackworktime/InsertDefaultTimesActivity.java	onResume()	method
trackworktime	1.0.0	0003-trackworktime-v1.0.0/app/src/main/java/org/zephyrsoft/trackworktime/MessageActivity.java	onCreate(Bundle)	method
trackworktime	1.0.0	0003-trackworktime-v1.0.0/app/src/main/java/org/zephyrsoft/trackworktime/MessageActivity.java	onResume()	method
trackworktime	1.0.0	0003-trackworktime-v1.0.0/app/src/main/java/org/zephyrsoft/trackworktime/options/AppCompatPreferenceActivity.java	onCreate(Bundle)	method
trackworktime	1.0.0	0003-trackworktime-v1.0.0/app/src/main/java/org/zephyrsoft/trackworktime/options/AppCompatPreferenceActivity.java	onPostCreate(Bundle)	method
trackworktime	1.0.0	0003-trackworktime-v1.0.0/app/src/main/java/org/zephyrsoft/trackworktime/options/AppCompatPreferenceActivity.java	onPostResume()	method
trackworktime	1.0.0	0003-trackworktime-v1.0.0/app/src/main/java/org/zephyrsoft/trackworktime/options/AppCompatPreferenceActivity.java	onTitleChanged(CharSequence,	method
trackworktime	1.0.0	0003-trackworktime-v1.0.0/app/src/main/java/org/zephyrsoft/trackworktime/options/AppCompatPreferenceActivity.java	onConfigurationChanged(Configuration)	method
trackworktime	1.0.0	0003-trackworktime-v1.0.0/app/src/main/java/org/zephyrsoft/trackworktime/options/AppCompatPreferenceActivity.java	onStop()	method
trackworktime	1.0.0	0003-trackworktime-v1.0.0/app/src/main/java/org/zephyrsoft/trackworktime/options/AppCompatPreferenceActivity.java	onDestroy()	method
trackworktime	1.0.0	0003-trackworktime-v1.0.0/app/src/main/java/org/zephyrsoft/trackworktime/options/DurationPreference.java	onBindDialogView(View)	method
trackworktime	1.0.0	0003-trackworktime-v1.0.0/app/src/main/java/org/zephyrsoft/trackworktime/options/DurationPreference.java	showDialog(Bundle)	method
trackworktime	1.0.0	0003-trackworktime-v1.0.0/app/src/main/java/org/zephyrsoft/trackworktime/options/DurationPreference.java	onDialogClosed(boolean)	method
trackworktime	1.0.0	0003-trackworktime-v1.0.0/app/src/main/java/org/zephyrsoft/trackworktime/options/TimePreference.java	onBindDialogView(View)	method
trackworktime	1.0.0	0003-trackworktime-v1.0.0/app/src/main/java/org/zephyrsoft/trackworktime/options/TimePreference.java	onDialogClosed(boolean)	method
trackworktime	1.0.0	0003-trackworktime-v1.0.0/app/src/main/java/org/zephyrsoft/trackworktime/OptionsActivity.java	onCreate(Bundle)	method
trackworktime	1.0.0	0003-trackworktime-v1.0.0/app/src/main/java/org/zephyrsoft/trackworktime/OptionsActivity.java	onResume()	method
trackworktime	1.0.0	0003-trackworktime-v1.0.0/app/src/main/java/org/zephyrsoft/trackworktime/OptionsActivity.java	onStop()	method
trackworktime	1.0.0	0003-trackworktime-v1.0.0/app/src/main/java/org/zephyrsoft/trackworktime/OptionsActivity.java	onPause()	method
trackworktime	1.0.0	0003-trackworktime-v1.0.0/app/src/main/java/org/zephyrsoft/trackworktime/OptionsActivity.java	onRequestPermissionsResult(int,	method
trackworktime	1.0.0	0003-trackworktime-v1.0.0/app/src/main/java/org/zephyrsoft/trackworktime/ReportsActivity.java	onCreate(Bundle)	method
trackworktime	1.0.0	0003-trackworktime-v1.0.0/app/src/main/java/org/zephyrsoft/trackworktime/TaskListActivity.java	onPause()	method
trackworktime	1.0.0	0003-trackworktime-v1.0.0/app/src/main/java/org/zephyrsoft/trackworktime/TaskListActivity.java	onCreate(Bundle)	method
trackworktime	1.0.0	0003-trackworktime-v1.0.0/app/src/main/java/org/zephyrsoft/trackworktime/TaskListActivity.java	onCreateOptionsMenu(Menu)	method
trackworktime	1.0.0	0003-trackworktime-v1.0.0/app/src/main/java/org/zephyrsoft/trackworktime/TaskListActivity.java	onCreateContextMenu(ContextMenu,	method
trackworktime	1.0.0	0003-trackworktime-v1.0.0/app/src/main/java/org/zephyrsoft/trackworktime/TaskListActivity.java	onClick(DialogInterface,	method
trackworktime	1.0.0	0003-trackworktime-v1.0.0/app/src/main/java/org/zephyrsoft/trackworktime/TimeAheadActivity.java	onCreate(Bundle)	method
trackworktime	1.0.0	0003-trackworktime-v1.0.0/app/src/main/java/org/zephyrsoft/trackworktime/TimeAheadActivity.java	onResume()	method
trackworktime	1.0.0	0003-trackworktime-v1.0.0/app/src/main/java/org/zephyrsoft/trackworktime/WorkTimeTrackerActivity.java	onCreate(Bundle)	method
trackworktime	1.0.0	0003-trackworktime-v1.0.0/app/src/main/java/org/zephyrsoft/trackworktime/WorkTimeTrackerActivity.java	onStart()	method
trackworktime	1.0.0	0003-trackworktime-v1.0.0/app/src/main/java/org/zephyrsoft/trackworktime/WorkTimeTrackerActivity.java	onCreateOptionsMenu(Menu)	method
trackworktime	1.0.0	0003-trackworktime-v1.0.0/app/src/main/java/org/zephyrsoft/trackworktime/WorkTimeTrackerActivity.java	onResume()	method
trackworktime	1.0.0	0003-trackworktime-v1.0.0/app/src/main/java/org/zephyrsoft/trackworktime/WorkTimeTrackerActivity.java	onPause()	method
trackworktime	1.0.0	0003-trackworktime-v1.0.0/app/src/main/java/org/zephyrsoft/trackworktime/WorkTimeTrackerActivity.java	onRequestPermissionsResult(int,	method
trackworktime	1.0.0	0003-trackworktime-v1.0.0/app/src/main/java/org/zephyrsoft/trackworktime/WorkTimeTrackerApplication.java	onCreate()	method
trackworktime	1.0.0	0003-trackworktime-v1.0.0/app/src/main/java/org/zephyrsoft/trackworktime/WorkTimeTrackerApplication.java	onTerminate()	method
trackworktime	1.0.0	0003-trackworktime-v1.0.0/app/src/main/java/org/zephyrsoft/trackworktime/WorkTimeTrackerApplication.java	onLowMemory()	method
trackworktime	1.1.8	0002-trackworktime-v1.1.8/app/src/main/java/org/zephyrsoft/trackworktime/AboutActivity.java	onCreate(Bundle)	method
trackworktime	1.1.8	0002-trackworktime-v1.1.8/app/src/main/java/org/zephyrsoft/trackworktime/backup/WorkTimeTrackerBackupAgentHelper.java	performBackup(ParcelFileDescriptor,	method
trackworktime	1.1.8	0002-trackworktime-v1.1.8/app/src/main/java/org/zephyrsoft/trackworktime/DebugActivity.java	onCreate(Bundle)	method
trackworktime	1.1.8	0002-trackworktime-v1.1.8/app/src/main/java/org/zephyrsoft/trackworktime/EventEditActivity.java	onPause()	method
trackworktime	1.1.8	0002-trackworktime-v1.1.8/app/src/main/java/org/zephyrsoft/trackworktime/EventEditActivity.java	onCreate(Bundle)	method
trackworktime	1.1.8	0002-trackworktime-v1.1.8/app/src/main/java/org/zephyrsoft/trackworktime/EventEditActivity.java	onResume()	method
trackworktime	1.1.8	0002-trackworktime-v1.1.8/app/src/main/java/org/zephyrsoft/trackworktime/EventListActivity.java	onPause()	method
trackworktime	1.1.8	0002-trackworktime-v1.1.8/app/src/main/java/org/zephyrsoft/trackworktime/EventListActivity.java	onCreate(Bundle)	method
trackworktime	1.1.8	0002-trackworktime-v1.1.8/app/src/main/java/org/zephyrsoft/trackworktime/EventListActivity.java	onSaveInstanceState(Bundle)	method
trackworktime	1.1.8	0002-trackworktime-v1.1.8/app/src/main/java/org/zephyrsoft/trackworktime/EventListActivity.java	onCreateOptionsMenu(Menu)	method
trackworktime	1.1.8	0002-trackworktime-v1.1.8/app/src/main/java/org/zephyrsoft/trackworktime/InsertDefaultTimesActivity.java	onPause()	method
trackworktime	1.1.8	0002-trackworktime-v1.1.8/app/src/main/java/org/zephyrsoft/trackworktime/InsertDefaultTimesActivity.java	onCreate(Bundle)	method
trackworktime	1.1.8	0002-trackworktime-v1.1.8/app/src/main/java/org/zephyrsoft/trackworktime/InsertDefaultTimesActivity.java	onResume()	method
trackworktime	1.1.8	0002-trackworktime-v1.1.8/app/src/main/java/org/zephyrsoft/trackworktime/MessageActivity.java	onCreate(Bundle)	method
trackworktime	1.1.8	0002-trackworktime-v1.1.8/app/src/main/java/org/zephyrsoft/trackworktime/MessageActivity.java	onResume()	method
trackworktime	1.1.8	0002-trackworktime-v1.1.8/app/src/main/java/org/zephyrsoft/trackworktime/options/DurationPreferenceDialogFragment.java	onBindDialogView(View)	method
trackworktime	1.1.8	0002-trackworktime-v1.1.8/app/src/main/java/org/zephyrsoft/trackworktime/options/DurationPreferenceDialogFragment.java	onStart()	method
trackworktime	1.1.8	0002-trackworktime-v1.1.8/app/src/main/java/org/zephyrsoft/trackworktime/options/TimePreferenceDialogFragment.java	onBindDialogView(View)	method
trackworktime	1.1.8	0002-trackworktime-v1.1.8/app/src/main/java/org/zephyrsoft/trackworktime/options/TimeZonePreferenceDialogFragment.java	onCreateDialog(Bundle)	method
trackworktime	1.1.8	0002-trackworktime-v1.1.8/app/src/main/java/org/zephyrsoft/trackworktime/options/TimeZonePreferenceDialogFragment.java	onSaveInstanceState(Bundle)	method
trackworktime	1.1.8	0002-trackworktime-v1.1.8/app/src/main/java/org/zephyrsoft/trackworktime/OptionsActivity.java	onCreate(Bundle)	method
trackworktime	1.1.8	0002-trackworktime-v1.1.8/app/src/main/java/org/zephyrsoft/trackworktime/OptionsActivity.java	onDisplayPreferenceDialog(Preference)	method
trackworktime	1.1.8	0002-trackworktime-v1.1.8/app/src/main/java/org/zephyrsoft/trackworktime/OptionsActivity.java	onResume()	method
trackworktime	1.1.8	0002-trackworktime-v1.1.8/app/src/main/java/org/zephyrsoft/trackworktime/OptionsActivity.java	onStop()	method
trackworktime	1.1.8	0002-trackworktime-v1.1.8/app/src/main/java/org/zephyrsoft/trackworktime/OptionsActivity.java	onPause()	method
trackworktime	1.1.8	0002-trackworktime-v1.1.8/app/src/main/java/org/zephyrsoft/trackworktime/OptionsActivity.java	onRequestPermissionsResult(int,	method
trackworktime	1.1.8	0002-trackworktime-v1.1.8/app/src/main/java/org/zephyrsoft/trackworktime/ReportsActivity.java	onCreate(Bundle)	method
trackworktime	1.1.8	0002-trackworktime-v1.1.8/app/src/main/java/org/zephyrsoft/trackworktime/TargetEditActivity.java	onPause()	method
trackworktime	1.1.8	0002-trackworktime-v1.1.8/app/src/main/java/org/zephyrsoft/trackworktime/TargetEditActivity.java	onCreate(Bundle)	method
trackworktime	1.1.8	0002-trackworktime-v1.1.8/app/src/main/java/org/zephyrsoft/trackworktime/TargetEditActivity.java	onCreateOptionsMenu(Menu)	method
trackworktime	1.1.8	0002-trackworktime-v1.1.8/app/src/main/java/org/zephyrsoft/trackworktime/TargetEditActivity.java	onResume()	method
trackworktime	1.1.8	0002-trackworktime-v1.1.8/app/src/main/java/org/zephyrsoft/trackworktime/TaskListActivity.java	onPause()	method
trackworktime	1.1.8	0002-trackworktime-v1.1.8/app/src/main/java/org/zephyrsoft/trackworktime/TaskListActivity.java	onCreate(Bundle)	method
trackworktime	1.1.8	0002-trackworktime-v1.1.8/app/src/main/java/org/zephyrsoft/trackworktime/TaskListActivity.java	onCreateOptionsMenu(Menu)	method
trackworktime	1.1.8	0002-trackworktime-v1.1.8/app/src/main/java/org/zephyrsoft/trackworktime/TaskListActivity.java	onCreateContextMenu(ContextMenu,	method
trackworktime	1.1.8	0002-trackworktime-v1.1.8/app/src/main/java/org/zephyrsoft/trackworktime/TaskListActivity.java	onContextItemSelected(MenuItem)	method
trackworktime	1.1.8	0002-trackworktime-v1.1.8/app/src/main/java/org/zephyrsoft/trackworktime/TimeAheadActivity.java	onCreate(Bundle)	method
trackworktime	1.1.8	0002-trackworktime-v1.1.8/app/src/main/java/org/zephyrsoft/trackworktime/TimeAheadActivity.java	onResume()	method
trackworktime	1.1.8	0002-trackworktime-v1.1.8/app/src/main/java/org/zephyrsoft/trackworktime/UpgradeActivity.java	onCreate(Bundle)	method
trackworktime	1.1.8	0002-trackworktime-v1.1.8/app/src/main/java/org/zephyrsoft/trackworktime/weektimes/WeekAdapter.java	onViewRecycled(WeekTimesViewHolder)	method
trackworktime	1.1.8	0002-trackworktime-v1.1.8/app/src/main/java/org/zephyrsoft/trackworktime/weektimes/WeekStateLoader.java	onPostExecute(WeekState)	method
trackworktime	1.1.8	0002-trackworktime-v1.1.8/app/src/main/java/org/zephyrsoft/trackworktime/Widget.java	onReceive(Context,	method
trackworktime	1.1.8	0002-trackworktime-v1.1.8/app/src/main/java/org/zephyrsoft/trackworktime/WorkTimeTrackerActivity.java	onCreate(Bundle)	method
trackworktime	1.1.8	0002-trackworktime-v1.1.8/app/src/main/java/org/zephyrsoft/trackworktime/WorkTimeTrackerActivity.java	onSaveInstanceState(Bundle,	method
trackworktime	1.1.8	0002-trackworktime-v1.1.8/app/src/main/java/org/zephyrsoft/trackworktime/WorkTimeTrackerActivity.java	onStart()	method
trackworktime	1.1.8	0002-trackworktime-v1.1.8/app/src/main/java/org/zephyrsoft/trackworktime/WorkTimeTrackerActivity.java	onPostCreate(Bundle)	method
trackworktime	1.1.8	0002-trackworktime-v1.1.8/app/src/main/java/org/zephyrsoft/trackworktime/WorkTimeTrackerActivity.java	onConfigurationChanged(Configuration)	method
trackworktime	1.1.8	0002-trackworktime-v1.1.8/app/src/main/java/org/zephyrsoft/trackworktime/WorkTimeTrackerActivity.java	onBackPressed()	method
trackworktime	1.1.8	0002-trackworktime-v1.1.8/app/src/main/java/org/zephyrsoft/trackworktime/WorkTimeTrackerActivity.java	onCreateOptionsMenu(Menu)	method
trackworktime	1.1.8	0002-trackworktime-v1.1.8/app/src/main/java/org/zephyrsoft/trackworktime/WorkTimeTrackerActivity.java	onResume()	method
trackworktime	1.1.8	0002-trackworktime-v1.1.8/app/src/main/java/org/zephyrsoft/trackworktime/WorkTimeTrackerActivity.java	onPause()	method
trackworktime	1.1.8	0002-trackworktime-v1.1.8/app/src/main/java/org/zephyrsoft/trackworktime/WorkTimeTrackerActivity.java	onRequestPermissionsResult(int,	method
trackworktime	1.1.8	0002-trackworktime-v1.1.8/app/src/main/java/org/zephyrsoft/trackworktime/WorkTimeTrackerApplication.java	onCreate()	method
trackworktime	1.1.8	0002-trackworktime-v1.1.8/app/src/main/java/org/zephyrsoft/trackworktime/WorkTimeTrackerApplication.java	onTerminate()	method
trackworktime	1.1.8	0002-trackworktime-v1.1.8/app/src/main/java/org/zephyrsoft/trackworktime/WorkTimeTrackerApplication.java	onLowMemory()	method
ultrasonic	2.1.0	0001-ultrasonic-2.1.0/library/src/main/java/com/mobeta/android/dslv/DragSortCursorAdapter.java	swapCursor(Cursor)	method
ultrasonic	2.1.0	0001-ultrasonic-2.1.0/library/src/main/java/com/mobeta/android/dslv/DragSortCursorAdapter.java	changeCursor(Cursor)	method
ultrasonic	2.1.0	0001-ultrasonic-2.1.0/library/src/main/java/com/mobeta/android/dslv/DragSortCursorAdapter.java	getItem(int)	method
ultrasonic	2.1.0	0001-ultrasonic-2.1.0/library/src/main/java/com/mobeta/android/dslv/DragSortCursorAdapter.java	getItemId(int)	method
ultrasonic	2.1.0	0001-ultrasonic-2.1.0/library/src/main/java/com/mobeta/android/dslv/DragSortCursorAdapter.java	getDropDownView(int,	method
ultrasonic	2.1.0	0001-ultrasonic-2.1.0/library/src/main/java/com/mobeta/android/dslv/DragSortCursorAdapter.java	getView(int,	method
ultrasonic	2.1.0	0001-ultrasonic-2.1.0/library/src/main/java/com/mobeta/android/dslv/DragSortCursorAdapter.java	getCount()	method
ultrasonic	2.1.0	0001-ultrasonic-2.1.0/library/src/main/java/com/mobeta/android/dslv/DragSortListView.java	setAdapter(ListAdapter)	method
ultrasonic	2.1.0	0001-ultrasonic-2.1.0/library/src/main/java/com/mobeta/android/dslv/DragSortListView.java	dispatchDraw(Canvas)	method
ultrasonic	2.1.0	0001-ultrasonic-2.1.0/library/src/main/java/com/mobeta/android/dslv/DragSortListView.java	onDraw(Canvas)	method
ultrasonic	2.1.0	0001-ultrasonic-2.1.0/library/src/main/java/com/mobeta/android/dslv/DragSortListView.java	removeItem(int,	method
ultrasonic	2.1.0	0001-ultrasonic-2.1.0/library/src/main/java/com/mobeta/android/dslv/DragSortListView.java	removeItem(int,	method
ultrasonic	2.1.0	0001-ultrasonic-2.1.0/library/src/main/java/com/mobeta/android/dslv/DragSortListView.java	onTouchEvent(MotionEvent)	method
ultrasonic	2.1.0	0001-ultrasonic-2.1.0/library/src/main/java/com/mobeta/android/dslv/DragSortListView.java	onTouchEvent(MotionEvent)	method
ultrasonic	2.1.0	0001-ultrasonic-2.1.0/library/src/main/java/com/mobeta/android/dslv/DragSortListView.java	onInterceptTouchEvent(MotionEvent)	method
ultrasonic	2.1.0	0001-ultrasonic-2.1.0/library/src/main/java/com/mobeta/android/dslv/DragSortListView.java	onInterceptTouchEvent(MotionEvent)	method
ultrasonic	2.1.0	0001-ultrasonic-2.1.0/library/src/main/java/com/mobeta/android/dslv/DragSortListView.java	onSizeChanged(int,	method
ultrasonic	2.1.0	0001-ultrasonic-2.1.0/library/src/main/java/com/mobeta/android/dslv/DragSortListView.java	requestLayout()	method
ultrasonic	2.1.0	0001-ultrasonic-2.1.0/library/src/main/java/com/mobeta/android/dslv/DragSortListView.java	onMeasure(int,	method
ultrasonic	2.1.0	0001-ultrasonic-2.1.0/library/src/main/java/com/mobeta/android/dslv/DragSortListView.java	layoutChildren()	method
ultrasonic	2.1.0	0001-ultrasonic-2.1.0/library/src/main/java/com/mobeta/android/dslv/DragSortListView.java	startDrag(int,	method
ultrasonic	2.1.0	0001-ultrasonic-2.1.0/library/src/main/java/com/mobeta/android/dslv/DragSortListView.java	startDrag(int,	method
ultrasonic	2.1.0	0001-ultrasonic-2.1.0/library/src/main/java/com/mobeta/android/dslv/SimpleDragSortCursorAdapter.java	convertToString(Cursor)	method
ultrasonic	2.1.0	0001-ultrasonic-2.1.0/library/src/main/java/com/mobeta/android/dslv/SimpleDragSortCursorAdapter.java	swapCursor(Cursor)	method
ultrasonic	2.1.0	0001-ultrasonic-2.1.0/library/src/main/java/com/mobeta/android/dslv/SimpleDragSortCursorAdapter.java	changeCursorAndColumns(Cursor,	method
ultrasonic	2.1.0	0001-ultrasonic-2.1.0/menudrawer/src/main/java/net/simonvt/menudrawer/BuildLayerFrameLayout.java	onAttachedToWindow()	method
ultrasonic	2.1.0	0001-ultrasonic-2.1.0/menudrawer/src/main/java/net/simonvt/menudrawer/BuildLayerFrameLayout.java	onDetachedFromWindow()	method
ultrasonic	2.1.0	0001-ultrasonic-2.1.0/menudrawer/src/main/java/net/simonvt/menudrawer/BuildLayerFrameLayout.java	onSizeChanged(int,	method
ultrasonic	2.1.0	0001-ultrasonic-2.1.0/menudrawer/src/main/java/net/simonvt/menudrawer/BuildLayerFrameLayout.java	dispatchDraw(Canvas)	method
ultrasonic	2.1.0	0001-ultrasonic-2.1.0/menudrawer/src/main/java/net/simonvt/menudrawer/ColorDrawable.java	getChangingConfigurations()	method
ultrasonic	2.1.0	0001-ultrasonic-2.1.0/menudrawer/src/main/java/net/simonvt/menudrawer/DraggableDrawer.java	initDrawer(Context,	method
ultrasonic	2.1.0	0001-ultrasonic-2.1.0/menudrawer/src/main/java/net/simonvt/menudrawer/DraggableDrawer.java	restoreState(Parcelable)	method
ultrasonic	2.1.0	0001-ultrasonic-2.1.0/menudrawer/src/main/java/net/simonvt/menudrawer/MenuDrawer.java	onFinishInflate()	method
ultrasonic	2.1.0	0001-ultrasonic-2.1.0/menudrawer/src/main/java/net/simonvt/menudrawer/MenuDrawer.java	onAttachedToWindow()	method
ultrasonic	2.1.0	0001-ultrasonic-2.1.0/menudrawer/src/main/java/net/simonvt/menudrawer/MenuDrawer.java	onDetachedFromWindow()	method
ultrasonic	2.1.0	0001-ultrasonic-2.1.0/menudrawer/src/main/java/net/simonvt/menudrawer/MenuDrawer.java	dispatchDraw(Canvas)	method
ultrasonic	2.1.0	0001-ultrasonic-2.1.0/menudrawer/src/main/java/net/simonvt/menudrawer/MenuDrawer.java	onRtlPropertiesChanged(int)	method
ultrasonic	2.1.0	0001-ultrasonic-2.1.0/menudrawer/src/main/java/net/simonvt/menudrawer/MenuDrawer.java	postOnAnimation(Runnable)	method
ultrasonic	2.1.0	0001-ultrasonic-2.1.0/menudrawer/src/main/java/net/simonvt/menudrawer/MenuDrawer.java	fitSystemWindows(Rect)	method
ultrasonic	2.1.0	0001-ultrasonic-2.1.0/menudrawer/src/main/java/net/simonvt/menudrawer/MenuDrawer.java	onSaveInstanceState()	method
ultrasonic	2.1.0	0001-ultrasonic-2.1.0/menudrawer/src/main/java/net/simonvt/menudrawer/MenuDrawer.java	onRestoreInstanceState(Parcelable)	method
ultrasonic	2.1.0	0001-ultrasonic-2.1.0/menudrawer/src/main/java/net/simonvt/menudrawer/MenuDrawer.java	writeToParcel(Parcel,	method
ultrasonic	2.1.0	0001-ultrasonic-2.1.0/menudrawer/src/main/java/net/simonvt/menudrawer/OverlayDrawer.java	initDrawer(Context,	method
ultrasonic	2.1.0	0001-ultrasonic-2.1.0/menudrawer/src/main/java/net/simonvt/menudrawer/OverlayDrawer.java	initDrawer(Context,	method
ultrasonic	2.1.0	0001-ultrasonic-2.1.0/menudrawer/src/main/java/net/simonvt/menudrawer/OverlayDrawer.java	initDrawer(Context,	method
ultrasonic	2.1.0	0001-ultrasonic-2.1.0/menudrawer/src/main/java/net/simonvt/menudrawer/OverlayDrawer.java	onSizeChanged(int,	method
ultrasonic	2.1.0	0001-ultrasonic-2.1.0/menudrawer/src/main/java/net/simonvt/menudrawer/OverlayDrawer.java	stopAnimation()	method
ultrasonic	2.1.0	0001-ultrasonic-2.1.0/menudrawer/src/main/java/net/simonvt/menudrawer/SlideDrawable.java	setVisible(boolean,	method
ultrasonic	2.1.0	0001-ultrasonic-2.1.0/menudrawer/src/main/java/net/simonvt/menudrawer/SlideDrawable.java	onStateChange(int[])	method
ultrasonic	2.1.0	0001-ultrasonic-2.1.0/menudrawer/src/main/java/net/simonvt/menudrawer/SlideDrawable.java	onBoundsChange(Rect)	method
ultrasonic	2.1.0	0001-ultrasonic-2.1.0/menudrawer/src/main/java/net/simonvt/menudrawer/SlideDrawable.java	getConstantState()	method
ultrasonic	2.1.0	0001-ultrasonic-2.1.0/menudrawer/src/main/java/net/simonvt/menudrawer/SlidingDrawer.java	initDrawer(Context,	method
ultrasonic	2.1.0	0001-ultrasonic-2.1.0/menudrawer/src/main/java/net/simonvt/menudrawer/SlidingDrawer.java	initDrawer(Context,	method
ultrasonic	2.1.0	0001-ultrasonic-2.1.0/menudrawer/src/main/java/net/simonvt/menudrawer/SlidingDrawer.java	initDrawer(Context,	method
ultrasonic	2.1.0	0001-ultrasonic-2.1.0/menudrawer/src/main/java/net/simonvt/menudrawer/SlidingDrawer.java	onSizeChanged(int,	method
ultrasonic	2.1.0	0001-ultrasonic-2.1.0/menudrawer/src/main/java/net/simonvt/menudrawer/StaticDrawer.java	initDrawer(Context,	method
ultrasonic	2.1.0	0001-ultrasonic-2.1.0/menudrawer/src/main/java/net/simonvt/menudrawer/StaticDrawer.java	initDrawer(Context,	method
ultrasonic	2.1.0	0001-ultrasonic-2.1.0/menudrawer/src/main/java/net/simonvt/menudrawer/StaticDrawer.java	initDrawer(Context,	method
ultrasonic	2.1.0	0001-ultrasonic-2.1.0/pulltorefresh/src/main/java/com/handmark/pulltorefresh/library/extras/PullToRefreshWebView2.java	createRefreshableView(Context,	method
ultrasonic	2.1.0	0001-ultrasonic-2.1.0/pulltorefresh/src/main/java/com/handmark/pulltorefresh/library/PullToRefreshAdapterViewBase.java	onPullToRefresh()	method
ultrasonic	2.1.0	0001-ultrasonic-2.1.0/pulltorefresh/src/main/java/com/handmark/pulltorefresh/library/PullToRefreshAdapterViewBase.java	onRefreshing(boolean)	method
ultrasonic	2.1.0	0001-ultrasonic-2.1.0/pulltorefresh/src/main/java/com/handmark/pulltorefresh/library/PullToRefreshAdapterViewBase.java	onReleaseToRefresh()	method
ultrasonic	2.1.0	0001-ultrasonic-2.1.0/pulltorefresh/src/main/java/com/handmark/pulltorefresh/library/PullToRefreshAdapterViewBase.java	onReset()	method
ultrasonic	2.1.0	0001-ultrasonic-2.1.0/pulltorefresh/src/main/java/com/handmark/pulltorefresh/library/PullToRefreshAdapterViewBase.java	onScrollChanged(int,	method
ultrasonic	2.1.0	0001-ultrasonic-2.1.0/pulltorefresh/src/main/java/com/handmark/pulltorefresh/library/PullToRefreshAdapterViewBase.java	updateUIForMode()	method
ultrasonic	2.1.0	0001-ultrasonic-2.1.0/pulltorefresh/src/main/java/com/handmark/pulltorefresh/library/PullToRefreshBase.java	addViewInternal(View,	method
ultrasonic	2.1.0	0001-ultrasonic-2.1.0/pulltorefresh/src/main/java/com/handmark/pulltorefresh/library/PullToRefreshBase.java	addViewInternal(View,	method
ultrasonic	2.1.0	0001-ultrasonic-2.1.0/pulltorefresh/src/main/java/com/handmark/pulltorefresh/library/PullToRefreshBase.java	onRestoreInstanceState(Parcelable)	method
ultrasonic	2.1.0	0001-ultrasonic-2.1.0/pulltorefresh/src/main/java/com/handmark/pulltorefresh/library/PullToRefreshBase.java	onRestoreInstanceState(Parcelable)	method
ultrasonic	2.1.0	0001-ultrasonic-2.1.0/pulltorefresh/src/main/java/com/handmark/pulltorefresh/library/PullToRefreshBase.java	onSaveInstanceState()	method
ultrasonic	2.1.0	0001-ultrasonic-2.1.0/pulltorefresh/src/main/java/com/handmark/pulltorefresh/library/PullToRefreshBase.java	onSizeChanged(int,	method
ultrasonic	2.1.0	0001-ultrasonic-2.1.0/pulltorefresh/src/main/java/com/handmark/pulltorefresh/library/PullToRefreshExpandableListView.java	setEmptyViewInternal(View)	method
ultrasonic	2.1.0	0001-ultrasonic-2.1.0/pulltorefresh/src/main/java/com/handmark/pulltorefresh/library/PullToRefreshExpandableListView.java	overScrollBy(int,	method
ultrasonic	2.1.0	0001-ultrasonic-2.1.0/pulltorefresh/src/main/java/com/handmark/pulltorefresh/library/PullToRefreshGridView.java	setEmptyViewInternal(View)	method
ultrasonic	2.1.0	0001-ultrasonic-2.1.0/pulltorefresh/src/main/java/com/handmark/pulltorefresh/library/PullToRefreshGridView.java	overScrollBy(int,	method
ultrasonic	2.1.0	0001-ultrasonic-2.1.0/pulltorefresh/src/main/java/com/handmark/pulltorefresh/library/PullToRefreshHorizontalScrollView.java	overScrollBy(int,	method
ultrasonic	2.1.0	0001-ultrasonic-2.1.0/pulltorefresh/src/main/java/com/handmark/pulltorefresh/library/PullToRefreshListView.java	onRefreshing(boolean)	method
ultrasonic	2.1.0	0001-ultrasonic-2.1.0/pulltorefresh/src/main/java/com/handmark/pulltorefresh/library/PullToRefreshListView.java	onRefreshing(boolean)	method
ultrasonic	2.1.0	0001-ultrasonic-2.1.0/pulltorefresh/src/main/java/com/handmark/pulltorefresh/library/PullToRefreshListView.java	onReset()	method
ultrasonic	2.1.0	0001-ultrasonic-2.1.0/pulltorefresh/src/main/java/com/handmark/pulltorefresh/library/PullToRefreshListView.java	onReset()	method
ultrasonic	2.1.0	0001-ultrasonic-2.1.0/pulltorefresh/src/main/java/com/handmark/pulltorefresh/library/PullToRefreshListView.java	createLoadingLayoutProxy(boolean,	method
ultrasonic	2.1.0	0001-ultrasonic-2.1.0/pulltorefresh/src/main/java/com/handmark/pulltorefresh/library/PullToRefreshListView.java	handleStyledAttributes(TypedArray)	method
ultrasonic	2.1.0	0001-ultrasonic-2.1.0/pulltorefresh/src/main/java/com/handmark/pulltorefresh/library/PullToRefreshListView.java	overScrollBy(int,	method
ultrasonic	2.1.0	0001-ultrasonic-2.1.0/pulltorefresh/src/main/java/com/handmark/pulltorefresh/library/PullToRefreshListView.java	dispatchDraw(Canvas)	method
ultrasonic	2.1.0	0001-ultrasonic-2.1.0/pulltorefresh/src/main/java/com/handmark/pulltorefresh/library/PullToRefreshListView.java	dispatchTouchEvent(MotionEvent)	method
ultrasonic	2.1.0	0001-ultrasonic-2.1.0/pulltorefresh/src/main/java/com/handmark/pulltorefresh/library/PullToRefreshListView.java	setAdapter(ListAdapter)	method
ultrasonic	2.1.0	0001-ultrasonic-2.1.0/pulltorefresh/src/main/java/com/handmark/pulltorefresh/library/PullToRefreshListView.java	setEmptyViewInternal(View)	method
ultrasonic	2.1.0	0001-ultrasonic-2.1.0/pulltorefresh/src/main/java/com/handmark/pulltorefresh/library/PullToRefreshScrollView.java	overScrollBy(int,	method
ultrasonic	2.1.0	0001-ultrasonic-2.1.0/pulltorefresh/src/main/java/com/handmark/pulltorefresh/library/PullToRefreshWebView.java	onPtrRestoreInstanceState(Bundle)	method
ultrasonic	2.1.0	0001-ultrasonic-2.1.0/pulltorefresh/src/main/java/com/handmark/pulltorefresh/library/PullToRefreshWebView.java	onPtrSaveInstanceState(Bundle)	method
ultrasonic	2.1.0	0001-ultrasonic-2.1.0/pulltorefresh/src/main/java/com/handmark/pulltorefresh/library/PullToRefreshWebView.java	overScrollBy(int,	method
ultrasonic	2.1.0	0001-ultrasonic-2.1.0/ultrasonic/src/main/java/org/moire/ultrasonic/activity/BookmarkActivity.java	onCreate(Bundle)	method
ultrasonic	2.1.0	0001-ultrasonic-2.1.0/ultrasonic/src/main/java/org/moire/ultrasonic/activity/BookmarkActivity.java	onPostExecute(String[])	method
ultrasonic	2.1.0	0001-ultrasonic-2.1.0/ultrasonic/src/main/java/org/moire/ultrasonic/activity/ChatActivity.java	onCreate(Bundle)	method
ultrasonic	2.1.0	0001-ultrasonic-2.1.0/ultrasonic/src/main/java/org/moire/ultrasonic/activity/ChatActivity.java	onPostCreate(Bundle)	method
ultrasonic	2.1.0	0001-ultrasonic-2.1.0/ultrasonic/src/main/java/org/moire/ultrasonic/activity/ChatActivity.java	onResume()	method
ultrasonic	2.1.0	0001-ultrasonic-2.1.0/ultrasonic/src/main/java/org/moire/ultrasonic/activity/ChatActivity.java	onPause()	method
ultrasonic	2.1.0	0001-ultrasonic-2.1.0/ultrasonic/src/main/java/org/moire/ultrasonic/activity/ChatActivity.java	onPostExecute(String[])	method
ultrasonic	2.1.0	0001-ultrasonic-2.1.0/ultrasonic/src/main/java/org/moire/ultrasonic/activity/DownloadActivity.java	onCreate(Bundle)	method
ultrasonic	2.1.0	0001-ultrasonic-2.1.0/ultrasonic/src/main/java/org/moire/ultrasonic/activity/DownloadActivity.java	onResume()	method
ultrasonic	2.1.0	0001-ultrasonic-2.1.0/ultrasonic/src/main/java/org/moire/ultrasonic/activity/DownloadActivity.java	onPause()	method
ultrasonic	2.1.0	0001-ultrasonic-2.1.0/ultrasonic/src/main/java/org/moire/ultrasonic/activity/DownloadActivity.java	onClick(DialogInterface,	method
ultrasonic	2.1.0	0001-ultrasonic-2.1.0/ultrasonic/src/main/java/org/moire/ultrasonic/activity/DownloadActivity.java	onCreateOptionsMenu(Menu)	method
ultrasonic	2.1.0	0001-ultrasonic-2.1.0/ultrasonic/src/main/java/org/moire/ultrasonic/activity/DownloadActivity.java	onPrepareOptionsMenu(Menu)	method
ultrasonic	2.1.0	0001-ultrasonic-2.1.0/ultrasonic/src/main/java/org/moire/ultrasonic/activity/DownloadActivity.java	onCreateContextMenu(ContextMenu,	method
ultrasonic	2.1.0	0001-ultrasonic-2.1.0/ultrasonic/src/main/java/org/moire/ultrasonic/activity/DownloadActivity.java	onContextItemSelected(MenuItem)	method
ultrasonic	2.1.0	0001-ultrasonic-2.1.0/ultrasonic/src/main/java/org/moire/ultrasonic/activity/DownloadActivity.java	onOptionsItemSelected(MenuItem)	method
ultrasonic	2.1.0	0001-ultrasonic-2.1.0/ultrasonic/src/main/java/org/moire/ultrasonic/activity/EqualizerActivity.java	onCreate(Bundle)	method
ultrasonic	2.1.0	0001-ultrasonic-2.1.0/ultrasonic/src/main/java/org/moire/ultrasonic/activity/EqualizerActivity.java	onPause()	method
ultrasonic	2.1.0	0001-ultrasonic-2.1.0/ultrasonic/src/main/java/org/moire/ultrasonic/activity/EqualizerActivity.java	onResume()	method
ultrasonic	2.1.0	0001-ultrasonic-2.1.0/ultrasonic/src/main/java/org/moire/ultrasonic/activity/EqualizerActivity.java	onCreateContextMenu(ContextMenu,	method
ultrasonic	2.1.0	0001-ultrasonic-2.1.0/ultrasonic/src/main/java/org/moire/ultrasonic/activity/HelpActivity.java	onCreate(Bundle)	method
ultrasonic	2.1.0	0001-ultrasonic-2.1.0/ultrasonic/src/main/java/org/moire/ultrasonic/activity/HelpActivity.java	onPostCreate(Bundle)	method
ultrasonic	2.1.0	0001-ultrasonic-2.1.0/ultrasonic/src/main/java/org/moire/ultrasonic/activity/HelpActivity.java	onResume()	method
ultrasonic	2.1.0	0001-ultrasonic-2.1.0/ultrasonic/src/main/java/org/moire/ultrasonic/activity/HelpActivity.java	onSaveInstanceState(Bundle)	method
ultrasonic	2.1.0	0001-ultrasonic-2.1.0/ultrasonic/src/main/java/org/moire/ultrasonic/activity/HelpActivity.java	onKeyDown(int,	method
ultrasonic	2.1.0	0001-ultrasonic-2.1.0/ultrasonic/src/main/java/org/moire/ultrasonic/activity/HelpActivity.java	onOptionsItemSelected(MenuItem)	method
ultrasonic	2.1.0	0001-ultrasonic-2.1.0/ultrasonic/src/main/java/org/moire/ultrasonic/activity/HelpActivity.java	onRestoreInstanceState(Bundle)	method
ultrasonic	2.1.0	0001-ultrasonic-2.1.0/ultrasonic/src/main/java/org/moire/ultrasonic/activity/HelpActivity.java	onBackPressed()	method
ultrasonic	2.1.0	0001-ultrasonic-2.1.0/ultrasonic/src/main/java/org/moire/ultrasonic/activity/HelpActivity.java	onLoadResource(WebView,	method
ultrasonic	2.1.0	0001-ultrasonic-2.1.0/ultrasonic/src/main/java/org/moire/ultrasonic/activity/LyricsActivity.java	onCreate(Bundle)	method
ultrasonic	2.1.0	0001-ultrasonic-2.1.0/ultrasonic/src/main/java/org/moire/ultrasonic/activity/MainActivity.java	onCreate(Bundle)	method
ultrasonic	2.1.0	0001-ultrasonic-2.1.0/ultrasonic/src/main/java/org/moire/ultrasonic/activity/MainActivity.java	onResume()	method
ultrasonic	2.1.0	0001-ultrasonic-2.1.0/ultrasonic/src/main/java/org/moire/ultrasonic/activity/MainActivity.java	onCreateOptionsMenu(Menu)	method
ultrasonic	2.1.0	0001-ultrasonic-2.1.0/ultrasonic/src/main/java/org/moire/ultrasonic/activity/MainActivity.java	onCreateContextMenu(ContextMenu,	method
ultrasonic	2.1.0	0001-ultrasonic-2.1.0/ultrasonic/src/main/java/org/moire/ultrasonic/activity/MainActivity.java	onContextItemSelected(MenuItem)	method
ultrasonic	2.1.0	0001-ultrasonic-2.1.0/ultrasonic/src/main/java/org/moire/ultrasonic/activity/PodcastsActivity.java	onCreate(Bundle)	method
ultrasonic	2.1.0	0001-ultrasonic-2.1.0/ultrasonic/src/main/java/org/moire/ultrasonic/activity/QueryReceiverActivity.java	onCreate(Bundle)	method
ultrasonic	2.1.0	0001-ultrasonic-2.1.0/ultrasonic/src/main/java/org/moire/ultrasonic/activity/ResultActivity.java	onActivityResult(int,	method
ultrasonic	2.1.0	0001-ultrasonic-2.1.0/ultrasonic/src/main/java/org/moire/ultrasonic/activity/SearchActivity.java	onCreate(Bundle)	method
ultrasonic	2.1.0	0001-ultrasonic-2.1.0/ultrasonic/src/main/java/org/moire/ultrasonic/activity/SearchActivity.java	onNewIntent(Intent)	method
ultrasonic	2.1.0	0001-ultrasonic-2.1.0/ultrasonic/src/main/java/org/moire/ultrasonic/activity/SearchActivity.java	onCreateContextMenu(ContextMenu,	method
ultrasonic	2.1.0	0001-ultrasonic-2.1.0/ultrasonic/src/main/java/org/moire/ultrasonic/activity/SearchActivity.java	onContextItemSelected(MenuItem)	method
ultrasonic	2.1.0	0001-ultrasonic-2.1.0/ultrasonic/src/main/java/org/moire/ultrasonic/activity/SelectAlbumActivity.java	onCreate(Bundle)	method
ultrasonic	2.1.0	0001-ultrasonic-2.1.0/ultrasonic/src/main/java/org/moire/ultrasonic/activity/SelectAlbumActivity.java	onPrepareOptionsMenu(Menu)	method
ultrasonic	2.1.0	0001-ultrasonic-2.1.0/ultrasonic/src/main/java/org/moire/ultrasonic/activity/SelectAlbumActivity.java	onCreateOptionsMenu(Menu)	method
ultrasonic	2.1.0	0001-ultrasonic-2.1.0/ultrasonic/src/main/java/org/moire/ultrasonic/activity/SelectAlbumActivity.java	onCreateContextMenu(ContextMenu,	method
ultrasonic	2.1.0	0001-ultrasonic-2.1.0/ultrasonic/src/main/java/org/moire/ultrasonic/activity/SelectAlbumActivity.java	onContextItemSelected(MenuItem)	method
ultrasonic	2.1.0	0001-ultrasonic-2.1.0/ultrasonic/src/main/java/org/moire/ultrasonic/activity/SelectAlbumActivity.java	onPostExecute(String[])	method
ultrasonic	2.1.0	0001-ultrasonic-2.1.0/ultrasonic/src/main/java/org/moire/ultrasonic/activity/SelectArtistActivity.java	onCreate(Bundle)	method
ultrasonic	2.1.0	0001-ultrasonic-2.1.0/ultrasonic/src/main/java/org/moire/ultrasonic/activity/SelectArtistActivity.java	onCreateOptionsMenu(Menu)	method
ultrasonic	2.1.0	0001-ultrasonic-2.1.0/ultrasonic/src/main/java/org/moire/ultrasonic/activity/SelectArtistActivity.java	onCreateContextMenu(ContextMenu,	method
ultrasonic	2.1.0	0001-ultrasonic-2.1.0/ultrasonic/src/main/java/org/moire/ultrasonic/activity/SelectArtistActivity.java	onContextItemSelected(MenuItem)	method
ultrasonic	2.1.0	0001-ultrasonic-2.1.0/ultrasonic/src/main/java/org/moire/ultrasonic/activity/SelectArtistActivity.java	onPostExecute(String[])	method
ultrasonic	2.1.0	0001-ultrasonic-2.1.0/ultrasonic/src/main/java/org/moire/ultrasonic/activity/SelectGenreActivity.java	onCreate(Bundle)	method
ultrasonic	2.1.0	0001-ultrasonic-2.1.0/ultrasonic/src/main/java/org/moire/ultrasonic/activity/SelectGenreActivity.java	onCreateOptionsMenu(Menu)	method
ultrasonic	2.1.0	0001-ultrasonic-2.1.0/ultrasonic/src/main/java/org/moire/ultrasonic/activity/SelectGenreActivity.java	onPostExecute(String[])	method
ultrasonic	2.1.0	0001-ultrasonic-2.1.0/ultrasonic/src/main/java/org/moire/ultrasonic/activity/SelectPlaylistActivity.java	onCreate(Bundle)	method
ultrasonic	2.1.0	0001-ultrasonic-2.1.0/ultrasonic/src/main/java/org/moire/ultrasonic/activity/SelectPlaylistActivity.java	onCreateOptionsMenu(Menu)	method
ultrasonic	2.1.0	0001-ultrasonic-2.1.0/ultrasonic/src/main/java/org/moire/ultrasonic/activity/SelectPlaylistActivity.java	onCreateContextMenu(ContextMenu,	method
ultrasonic	2.1.0	0001-ultrasonic-2.1.0/ultrasonic/src/main/java/org/moire/ultrasonic/activity/SelectPlaylistActivity.java	onContextItemSelected(MenuItem)	method
ultrasonic	2.1.0	0001-ultrasonic-2.1.0/ultrasonic/src/main/java/org/moire/ultrasonic/activity/SelectPlaylistActivity.java	onPostExecute(String[])	method
ultrasonic	2.1.0	0001-ultrasonic-2.1.0/ultrasonic/src/main/java/org/moire/ultrasonic/activity/ServerSettingsActivity.java	onCreate(Bundle)	method
ultrasonic	2.1.0	0001-ultrasonic-2.1.0/ultrasonic/src/main/java/org/moire/ultrasonic/activity/ServerSettingsActivity.java	onOptionsItemSelected(MenuItem)	method
ultrasonic	2.1.0	0001-ultrasonic-2.1.0/ultrasonic/src/main/java/org/moire/ultrasonic/activity/SettingsActivity.java	onCreate(Bundle)	method
ultrasonic	2.1.0	0001-ultrasonic-2.1.0/ultrasonic/src/main/java/org/moire/ultrasonic/activity/ShareActivity.java	onCreate(Bundle)	method
ultrasonic	2.1.0	0001-ultrasonic-2.1.0/ultrasonic/src/main/java/org/moire/ultrasonic/activity/ShareActivity.java	onCreateOptionsMenu(Menu)	method
ultrasonic	2.1.0	0001-ultrasonic-2.1.0/ultrasonic/src/main/java/org/moire/ultrasonic/activity/ShareActivity.java	onCreateContextMenu(ContextMenu,	method
ultrasonic	2.1.0	0001-ultrasonic-2.1.0/ultrasonic/src/main/java/org/moire/ultrasonic/activity/ShareActivity.java	onContextItemSelected(MenuItem)	method
ultrasonic	2.1.0	0001-ultrasonic-2.1.0/ultrasonic/src/main/java/org/moire/ultrasonic/activity/ShareActivity.java	onPostExecute(String[])	method
ultrasonic	2.1.0	0001-ultrasonic-2.1.0/ultrasonic/src/main/java/org/moire/ultrasonic/activity/SubsonicTabActivity.java	onCreate(Bundle)	method
ultrasonic	2.1.0	0001-ultrasonic-2.1.0/ultrasonic/src/main/java/org/moire/ultrasonic/activity/SubsonicTabActivity.java	onPostCreate(Bundle)	method
ultrasonic	2.1.0	0001-ultrasonic-2.1.0/ultrasonic/src/main/java/org/moire/ultrasonic/activity/SubsonicTabActivity.java	onResume()	method
ultrasonic	2.1.0	0001-ultrasonic-2.1.0/ultrasonic/src/main/java/org/moire/ultrasonic/activity/SubsonicTabActivity.java	onOptionsItemSelected(MenuItem)	method
ultrasonic	2.1.0	0001-ultrasonic-2.1.0/ultrasonic/src/main/java/org/moire/ultrasonic/activity/SubsonicTabActivity.java	onDestroy()	method
ultrasonic	2.1.0	0001-ultrasonic-2.1.0/ultrasonic/src/main/java/org/moire/ultrasonic/activity/SubsonicTabActivity.java	onKeyDown(int,	method
ultrasonic	2.1.0	0001-ultrasonic-2.1.0/ultrasonic/src/main/java/org/moire/ultrasonic/activity/SubsonicTabActivity.java	finish()	method
ultrasonic	2.1.0	0001-ultrasonic-2.1.0/ultrasonic/src/main/java/org/moire/ultrasonic/activity/SubsonicTabActivity.java	onCheckedChanged(CompoundButton,	method
ultrasonic	2.1.0	0001-ultrasonic-2.1.0/ultrasonic/src/main/java/org/moire/ultrasonic/activity/SubsonicTabActivity.java	onRestoreInstanceState(Bundle)	method
ultrasonic	2.1.0	0001-ultrasonic-2.1.0/ultrasonic/src/main/java/org/moire/ultrasonic/activity/SubsonicTabActivity.java	onSaveInstanceState(Bundle)	method
ultrasonic	2.1.0	0001-ultrasonic-2.1.0/ultrasonic/src/main/java/org/moire/ultrasonic/activity/SubsonicTabActivity.java	onBackPressed()	method
ultrasonic	2.1.0	0001-ultrasonic-2.1.0/ultrasonic/src/main/java/org/moire/ultrasonic/activity/VoiceQueryReceiverActivity.java	onCreate(Bundle)	method
ultrasonic	2.1.0	0001-ultrasonic-2.1.0/ultrasonic/src/main/java/org/moire/ultrasonic/fragment/ServerSettingsFragment.java	onCreate(Bundle)	method
ultrasonic	2.1.0	0001-ultrasonic-2.1.0/ultrasonic/src/main/java/org/moire/ultrasonic/fragment/ServerSettingsFragment.java	onViewCreated(View,	method
ultrasonic	2.1.0	0001-ultrasonic-2.1.0/ultrasonic/src/main/java/org/moire/ultrasonic/fragment/SettingsFragment.java	onCreate(Bundle)	method
ultrasonic	2.1.0	0001-ultrasonic-2.1.0/ultrasonic/src/main/java/org/moire/ultrasonic/fragment/SettingsFragment.java	onViewCreated(View,	method
ultrasonic	2.1.0	0001-ultrasonic-2.1.0/ultrasonic/src/main/java/org/moire/ultrasonic/fragment/SettingsFragment.java	onActivityCreated(Bundle)	method
ultrasonic	2.1.0	0001-ultrasonic-2.1.0/ultrasonic/src/main/java/org/moire/ultrasonic/fragment/SettingsFragment.java	onResume()	method
ultrasonic	2.1.0	0001-ultrasonic-2.1.0/ultrasonic/src/main/java/org/moire/ultrasonic/fragment/SettingsFragment.java	onPause()	method
ultrasonic	2.1.0	0001-ultrasonic-2.1.0/ultrasonic/src/main/java/org/moire/ultrasonic/service/DownloadServiceImpl.java	onCreate()	method
ultrasonic	2.1.0	0001-ultrasonic-2.1.0/ultrasonic/src/main/java/org/moire/ultrasonic/service/DownloadServiceImpl.java	onStartCommand(Intent,	method
ultrasonic	2.1.0	0001-ultrasonic-2.1.0/ultrasonic/src/main/java/org/moire/ultrasonic/service/DownloadServiceImpl.java	onDestroy()	method
ultrasonic	2.1.0	0001-ultrasonic-2.1.0/ultrasonic/src/main/java/org/moire/ultrasonic/util/MyViewFlipper.java	onDetachedFromWindow()	method
ultrasonic	2.1.0	0001-ultrasonic-2.1.0/ultrasonic/src/main/java/org/moire/ultrasonic/util/TimeSpanPreference.java	onDialogClosed(boolean)	method
ultrasonic	2.1.0	0001-ultrasonic-2.1.0/ultrasonic/src/main/java/org/moire/ultrasonic/view/PodcastsChannelsAdapter.java	add(PodcastsChannel)	method
ultrasonic	2.1.0	0001-ultrasonic-2.1.0/ultrasonic/src/main/java/org/moire/ultrasonic/view/VisualizerView.java	onDraw(Canvas)	method
ultrasonic	2.19.2	0000-ultrasonic-2.19.2/core/library/src/main/java/com/mobeta/android/dslv/DragSortCursorAdapter.java	swapCursor(Cursor)	method
ultrasonic	2.19.2	0000-ultrasonic-2.19.2/core/library/src/main/java/com/mobeta/android/dslv/DragSortCursorAdapter.java	changeCursor(Cursor)	method
ultrasonic	2.19.2	0000-ultrasonic-2.19.2/core/library/src/main/java/com/mobeta/android/dslv/DragSortCursorAdapter.java	getItem(int)	method
ultrasonic	2.19.2	0000-ultrasonic-2.19.2/core/library/src/main/java/com/mobeta/android/dslv/DragSortCursorAdapter.java	getItemId(int)	method
ultrasonic	2.19.2	0000-ultrasonic-2.19.2/core/library/src/main/java/com/mobeta/android/dslv/DragSortCursorAdapter.java	getDropDownView(int,	method
ultrasonic	2.19.2	0000-ultrasonic-2.19.2/core/library/src/main/java/com/mobeta/android/dslv/DragSortCursorAdapter.java	getView(int,	method
ultrasonic	2.19.2	0000-ultrasonic-2.19.2/core/library/src/main/java/com/mobeta/android/dslv/DragSortCursorAdapter.java	getCount()	method
ultrasonic	2.19.2	0000-ultrasonic-2.19.2/core/library/src/main/java/com/mobeta/android/dslv/DragSortListView.java	setAdapter(ListAdapter)	method
ultrasonic	2.19.2	0000-ultrasonic-2.19.2/core/library/src/main/java/com/mobeta/android/dslv/DragSortListView.java	dispatchDraw(Canvas)	method
ultrasonic	2.19.2	0000-ultrasonic-2.19.2/core/library/src/main/java/com/mobeta/android/dslv/DragSortListView.java	onDraw(Canvas)	method
ultrasonic	2.19.2	0000-ultrasonic-2.19.2/core/library/src/main/java/com/mobeta/android/dslv/DragSortListView.java	removeItem(int,	method
ultrasonic	2.19.2	0000-ultrasonic-2.19.2/core/library/src/main/java/com/mobeta/android/dslv/DragSortListView.java	removeItem(int,	method
ultrasonic	2.19.2	0000-ultrasonic-2.19.2/core/library/src/main/java/com/mobeta/android/dslv/DragSortListView.java	onTouchEvent(MotionEvent)	method
ultrasonic	2.19.2	0000-ultrasonic-2.19.2/core/library/src/main/java/com/mobeta/android/dslv/DragSortListView.java	onTouchEvent(MotionEvent)	method
ultrasonic	2.19.2	0000-ultrasonic-2.19.2/core/library/src/main/java/com/mobeta/android/dslv/DragSortListView.java	onInterceptTouchEvent(MotionEvent)	method
ultrasonic	2.19.2	0000-ultrasonic-2.19.2/core/library/src/main/java/com/mobeta/android/dslv/DragSortListView.java	onInterceptTouchEvent(MotionEvent)	method
ultrasonic	2.19.2	0000-ultrasonic-2.19.2/core/library/src/main/java/com/mobeta/android/dslv/DragSortListView.java	onSizeChanged(int,	method
ultrasonic	2.19.2	0000-ultrasonic-2.19.2/core/library/src/main/java/com/mobeta/android/dslv/DragSortListView.java	requestLayout()	method
ultrasonic	2.19.2	0000-ultrasonic-2.19.2/core/library/src/main/java/com/mobeta/android/dslv/DragSortListView.java	onMeasure(int,	method
ultrasonic	2.19.2	0000-ultrasonic-2.19.2/core/library/src/main/java/com/mobeta/android/dslv/DragSortListView.java	layoutChildren()	method
ultrasonic	2.19.2	0000-ultrasonic-2.19.2/core/library/src/main/java/com/mobeta/android/dslv/DragSortListView.java	startDrag(int,	method
ultrasonic	2.19.2	0000-ultrasonic-2.19.2/core/library/src/main/java/com/mobeta/android/dslv/DragSortListView.java	startDrag(int,	method
ultrasonic	2.19.2	0000-ultrasonic-2.19.2/core/library/src/main/java/com/mobeta/android/dslv/SimpleDragSortCursorAdapter.java	convertToString(Cursor)	method
ultrasonic	2.19.2	0000-ultrasonic-2.19.2/core/library/src/main/java/com/mobeta/android/dslv/SimpleDragSortCursorAdapter.java	swapCursor(Cursor)	method
ultrasonic	2.19.2	0000-ultrasonic-2.19.2/core/library/src/main/java/com/mobeta/android/dslv/SimpleDragSortCursorAdapter.java	changeCursorAndColumns(Cursor,	method
ultrasonic	2.19.2	0000-ultrasonic-2.19.2/ultrasonic/src/main/java/org/moire/ultrasonic/fragment/AboutFragment.java	onCreate(Bundle)	method
ultrasonic	2.19.2	0000-ultrasonic-2.19.2/ultrasonic/src/main/java/org/moire/ultrasonic/fragment/AboutFragment.java	onSaveInstanceState(Bundle)	method
ultrasonic	2.19.2	0000-ultrasonic-2.19.2/ultrasonic/src/main/java/org/moire/ultrasonic/fragment/AboutFragment.java	onPageStarted(WebView,	method
ultrasonic	2.19.2	0000-ultrasonic-2.19.2/ultrasonic/src/main/java/org/moire/ultrasonic/fragment/BookmarksFragment.java	onCreate(Bundle)	method
ultrasonic	2.19.2	0000-ultrasonic-2.19.2/ultrasonic/src/main/java/org/moire/ultrasonic/fragment/BookmarksFragment.java	onViewCreated(View,	method
ultrasonic	2.19.2	0000-ultrasonic-2.19.2/ultrasonic/src/main/java/org/moire/ultrasonic/fragment/BookmarksFragment.java	onDestroyView()	method
ultrasonic	2.19.2	0000-ultrasonic-2.19.2/ultrasonic/src/main/java/org/moire/ultrasonic/fragment/ChatFragment.java	onCreate(Bundle)	method
ultrasonic	2.19.2	0000-ultrasonic-2.19.2/ultrasonic/src/main/java/org/moire/ultrasonic/fragment/ChatFragment.java	onViewCreated(View,	method
ultrasonic	2.19.2	0000-ultrasonic-2.19.2/ultrasonic/src/main/java/org/moire/ultrasonic/fragment/ChatFragment.java	onCreateOptionsMenu(Menu,	method
ultrasonic	2.19.2	0000-ultrasonic-2.19.2/ultrasonic/src/main/java/org/moire/ultrasonic/fragment/ChatFragment.java	onOptionsItemSelected(MenuItem)	method
ultrasonic	2.19.2	0000-ultrasonic-2.19.2/ultrasonic/src/main/java/org/moire/ultrasonic/fragment/ChatFragment.java	onResume()	method
ultrasonic	2.19.2	0000-ultrasonic-2.19.2/ultrasonic/src/main/java/org/moire/ultrasonic/fragment/ChatFragment.java	onPause()	method
ultrasonic	2.19.2	0000-ultrasonic-2.19.2/ultrasonic/src/main/java/org/moire/ultrasonic/fragment/ChatFragment.java	onDestroyView()	method
ultrasonic	2.19.2	0000-ultrasonic-2.19.2/ultrasonic/src/main/java/org/moire/ultrasonic/fragment/EqualizerFragment.java	onCreate(Bundle)	method
ultrasonic	2.19.2	0000-ultrasonic-2.19.2/ultrasonic/src/main/java/org/moire/ultrasonic/fragment/EqualizerFragment.java	onViewCreated(View,	method
ultrasonic	2.19.2	0000-ultrasonic-2.19.2/ultrasonic/src/main/java/org/moire/ultrasonic/fragment/EqualizerFragment.java	onPause()	method
ultrasonic	2.19.2	0000-ultrasonic-2.19.2/ultrasonic/src/main/java/org/moire/ultrasonic/fragment/EqualizerFragment.java	onCreateContextMenu(ContextMenu,	method
ultrasonic	2.19.2	0000-ultrasonic-2.19.2/ultrasonic/src/main/java/org/moire/ultrasonic/fragment/LyricsFragment.java	onCreate(Bundle)	method
ultrasonic	2.19.2	0000-ultrasonic-2.19.2/ultrasonic/src/main/java/org/moire/ultrasonic/fragment/LyricsFragment.java	onDestroyView()	method
ultrasonic	2.19.2	0000-ultrasonic-2.19.2/ultrasonic/src/main/java/org/moire/ultrasonic/fragment/MainFragment.java	onCreate(Bundle)	method
ultrasonic	2.19.2	0000-ultrasonic-2.19.2/ultrasonic/src/main/java/org/moire/ultrasonic/fragment/MainFragment.java	onViewCreated(View,	method
ultrasonic	2.19.2	0000-ultrasonic-2.19.2/ultrasonic/src/main/java/org/moire/ultrasonic/fragment/MainFragment.java	onResume()	method
ultrasonic	2.19.2	0000-ultrasonic-2.19.2/ultrasonic/src/main/java/org/moire/ultrasonic/fragment/NowPlayingFragment.java	onCreate(Bundle)	method
ultrasonic	2.19.2	0000-ultrasonic-2.19.2/ultrasonic/src/main/java/org/moire/ultrasonic/fragment/NowPlayingFragment.java	onResume()	method
ultrasonic	2.19.2	0000-ultrasonic-2.19.2/ultrasonic/src/main/java/org/moire/ultrasonic/fragment/NowPlayingFragment.java	onDestroy()	method
ultrasonic	2.19.2	0000-ultrasonic-2.19.2/ultrasonic/src/main/java/org/moire/ultrasonic/fragment/PlayerFragment.java	onCreate(Bundle)	method
ultrasonic	2.19.2	0000-ultrasonic-2.19.2/ultrasonic/src/main/java/org/moire/ultrasonic/fragment/PlayerFragment.java	onResume()	method
ultrasonic	2.19.2	0000-ultrasonic-2.19.2/ultrasonic/src/main/java/org/moire/ultrasonic/fragment/PlayerFragment.java	onPause()	method
ultrasonic	2.19.2	0000-ultrasonic-2.19.2/ultrasonic/src/main/java/org/moire/ultrasonic/fragment/PlayerFragment.java	onDestroyView()	method
ultrasonic	2.19.2	0000-ultrasonic-2.19.2/ultrasonic/src/main/java/org/moire/ultrasonic/fragment/PlayerFragment.java	onCreateOptionsMenu(Menu,	method
ultrasonic	2.19.2	0000-ultrasonic-2.19.2/ultrasonic/src/main/java/org/moire/ultrasonic/fragment/PlayerFragment.java	onPrepareOptionsMenu(Menu)	method
ultrasonic	2.19.2	0000-ultrasonic-2.19.2/ultrasonic/src/main/java/org/moire/ultrasonic/fragment/PlayerFragment.java	onCreateContextMenu(ContextMenu,	method
ultrasonic	2.19.2	0000-ultrasonic-2.19.2/ultrasonic/src/main/java/org/moire/ultrasonic/fragment/PlayerFragment.java	onContextItemSelected(MenuItem)	method
ultrasonic	2.19.2	0000-ultrasonic-2.19.2/ultrasonic/src/main/java/org/moire/ultrasonic/fragment/PlayerFragment.java	onOptionsItemSelected(MenuItem)	method
ultrasonic	2.19.2	0000-ultrasonic-2.19.2/ultrasonic/src/main/java/org/moire/ultrasonic/fragment/PlaylistsFragment.java	onCreate(Bundle)	method
ultrasonic	2.19.2	0000-ultrasonic-2.19.2/ultrasonic/src/main/java/org/moire/ultrasonic/fragment/PlaylistsFragment.java	onDestroyView()	method
ultrasonic	2.19.2	0000-ultrasonic-2.19.2/ultrasonic/src/main/java/org/moire/ultrasonic/fragment/PlaylistsFragment.java	onCreateContextMenu(ContextMenu,	method
ultrasonic	2.19.2	0000-ultrasonic-2.19.2/ultrasonic/src/main/java/org/moire/ultrasonic/fragment/PlaylistsFragment.java	onContextItemSelected(MenuItem)	method
ultrasonic	2.19.2	0000-ultrasonic-2.19.2/ultrasonic/src/main/java/org/moire/ultrasonic/fragment/PodcastFragment.java	onCreate(Bundle)	method
ultrasonic	2.19.2	0000-ultrasonic-2.19.2/ultrasonic/src/main/java/org/moire/ultrasonic/fragment/PodcastFragment.java	onViewCreated(View,	method
ultrasonic	2.19.2	0000-ultrasonic-2.19.2/ultrasonic/src/main/java/org/moire/ultrasonic/fragment/PodcastFragment.java	onDestroyView()	method
ultrasonic	2.19.2	0000-ultrasonic-2.19.2/ultrasonic/src/main/java/org/moire/ultrasonic/fragment/SearchFragment.java	onCreate(Bundle)	method
ultrasonic	2.19.2	0000-ultrasonic-2.19.2/ultrasonic/src/main/java/org/moire/ultrasonic/fragment/SearchFragment.java	onViewCreated(View,	method
ultrasonic	2.19.2	0000-ultrasonic-2.19.2/ultrasonic/src/main/java/org/moire/ultrasonic/fragment/SearchFragment.java	onCreateContextMenu(ContextMenu,	method
ultrasonic	2.19.2	0000-ultrasonic-2.19.2/ultrasonic/src/main/java/org/moire/ultrasonic/fragment/SearchFragment.java	onContextItemSelected(MenuItem)	method
ultrasonic	2.19.2	0000-ultrasonic-2.19.2/ultrasonic/src/main/java/org/moire/ultrasonic/fragment/SearchFragment.java	onContextItemSelected(MenuItem)	method
ultrasonic	2.19.2	0000-ultrasonic-2.19.2/ultrasonic/src/main/java/org/moire/ultrasonic/fragment/SearchFragment.java	onDestroyView()	method
ultrasonic	2.19.2	0000-ultrasonic-2.19.2/ultrasonic/src/main/java/org/moire/ultrasonic/fragment/SelectGenreFragment.java	onCreate(Bundle)	method
ultrasonic	2.19.2	0000-ultrasonic-2.19.2/ultrasonic/src/main/java/org/moire/ultrasonic/fragment/SelectGenreFragment.java	onDestroyView()	method
ultrasonic	2.19.2	0000-ultrasonic-2.19.2/ultrasonic/src/main/java/org/moire/ultrasonic/fragment/SettingsFragment.java	onCreate(Bundle)	method
ultrasonic	2.19.2	0000-ultrasonic-2.19.2/ultrasonic/src/main/java/org/moire/ultrasonic/fragment/SettingsFragment.java	onViewCreated(View,	method
ultrasonic	2.19.2	0000-ultrasonic-2.19.2/ultrasonic/src/main/java/org/moire/ultrasonic/fragment/SettingsFragment.java	onActivityCreated(Bundle)	method
ultrasonic	2.19.2	0000-ultrasonic-2.19.2/ultrasonic/src/main/java/org/moire/ultrasonic/fragment/SettingsFragment.java	onResume()	method
ultrasonic	2.19.2	0000-ultrasonic-2.19.2/ultrasonic/src/main/java/org/moire/ultrasonic/fragment/SettingsFragment.java	onPause()	method
ultrasonic	2.19.2	0000-ultrasonic-2.19.2/ultrasonic/src/main/java/org/moire/ultrasonic/fragment/SettingsFragment.java	onDisplayPreferenceDialog(Preference)	method
ultrasonic	2.19.2	0000-ultrasonic-2.19.2/ultrasonic/src/main/java/org/moire/ultrasonic/fragment/SharesFragment.java	onCreate(Bundle)	method
ultrasonic	2.19.2	0000-ultrasonic-2.19.2/ultrasonic/src/main/java/org/moire/ultrasonic/fragment/SharesFragment.java	onDestroyView()	method
ultrasonic	2.19.2	0000-ultrasonic-2.19.2/ultrasonic/src/main/java/org/moire/ultrasonic/fragment/SharesFragment.java	onCreateContextMenu(ContextMenu,	method
ultrasonic	2.19.2	0000-ultrasonic-2.19.2/ultrasonic/src/main/java/org/moire/ultrasonic/fragment/SharesFragment.java	onContextItemSelected(MenuItem)	method
ultrasonic	2.19.2	0000-ultrasonic-2.19.2/ultrasonic/src/main/java/org/moire/ultrasonic/service/MediaPlayerService.java	onCreate()	method
ultrasonic	2.19.2	0000-ultrasonic-2.19.2/ultrasonic/src/main/java/org/moire/ultrasonic/service/MediaPlayerService.java	onStartCommand(Intent,	method
ultrasonic	2.19.2	0000-ultrasonic-2.19.2/ultrasonic/src/main/java/org/moire/ultrasonic/service/MediaPlayerService.java	onDestroy()	method
ultrasonic	2.19.2	0000-ultrasonic-2.19.2/ultrasonic/src/main/java/org/moire/ultrasonic/util/MyViewFlipper.java	onDetachedFromWindow()	method
ultrasonic	2.19.2	0000-ultrasonic-2.19.2/ultrasonic/src/main/java/org/moire/ultrasonic/view/VisualizerView.java	onDraw(Canvas)	method
