prg. name,prg. version,loc,cus,classes,all methods, all constructors, pub. + prot. methods, pub. + prot. constr, id
greenaddress-abcore,1,2661,19,34,146,6,94,6,greenaddress-abcore-1
EventFahrplan-EventFahrplan,1,17447,222,303,1018,113,873,108,EventFahrplan-EventFahrplan-1
EventFahrplan-EventFahrplan,0,17326,221,300,1015,111,872,107,EventFahrplan-EventFahrplan-0
netmackan-ATimeTracker,0,3424,10,14,157,9,121,9,netmackan-ATimeTracker-0
greenaddress-abcore,0,2199,17,30,127,8,75,8,greenaddress-abcore-0
netmackan-ATimeTracker,1,3844,11,15,173,9,128,9,netmackan-ATimeTracker-1
tube42-9p,0,3181,34,34,179,24,135,24,tube42-9p-0
EventInfra-wifisetup,1,505,1,1,16,0,11,0,EventInfra-wifisetup-1
LonamiWebs-Klooni1010,1,5422,40,47,305,34,261,31,LonamiWebs-Klooni1010-1
EventInfra-wifisetup,0,505,1,1,16,0,11,0,EventInfra-wifisetup-0
billthefarmer-accordion,0,1606,5,6,38,2,23,2,billthefarmer-accordion-0
LonamiWebs-Klooni1010,0,2242,19,19,124,15,107,12,LonamiWebs-Klooni1010-0
billthefarmer-accordion,1,1512,4,4,30,2,20,1,billthefarmer-accordion-1
jecelyin-920-Text-Editor-old,0,14997,52,91,635,56,537,49,jecelyin-920-Text-Editor-old-0
jecelyin-920-Text-Editor-old,1,14997,52,91,635,56,537,49,jecelyin-920-Text-Editor-old-1
the3deers-android-3D-model-viewer,1,23027,114,128,1011,109,771,95,the3deers-android-3D-model-viewer-1
jroal-a2dpvolume,0,9357,22,38,406,12,345,12,jroal-a2dpvolume-0
tube42-9p,1,3587,39,39,210,26,160,26,tube42-9p-1
the3deers-android-3D-model-viewer,0,6705,24,57,331,36,296,35,the3deers-android-3D-model-viewer-0
SecUSo-privacy-friendly-2048,1,4523,22,29,218,19,201,19,SecUSo-privacy-friendly-2048-1
k3b-APhotoManager,0,22256,132,165,1409,85,1099,85,k3b-APhotoManager-0
k3b-APhotoManager,1,54369,252,321,3200,174,2541,164,k3b-APhotoManager-1
j4velin-SystemAppMover,1,867,5,6,36,3,35,3,j4velin-SystemAppMover-1
SecUSo-privacy-friendly-2048,0,4517,22,29,217,19,200,19,SecUSo-privacy-friendly-2048-0
j4velin-SystemAppMover,0,867,5,6,36,3,35,3,j4velin-SystemAppMover-0
andstatus-game2048,0,2344,28,93,174,26,136,26,andstatus-game2048-0
andstatus-game2048,1,6430,84,195,452,61,383,57,andstatus-game2048-1
lolo-io-OneList-onelist,1,2074,19,27,135,10,113,10,lolo-io-OneList-onelist-1
lolo-io-OneList-onelist,0,1051,12,23,88,11,74,11,lolo-io-OneList-onelist-0
lucasdnd-16-bit-clock,0,226,2,2,10,0,6,0,lucasdnd-16-bit-clock-0
lucasdnd-16-bit-clock,1,226,2,2,10,0,6,0,lucasdnd-16-bit-clock-1
flide-8VIM-iteration,1,3041,29,26,195,33,130,28,flide-8VIM-iteration-1
d4rken-reddit-android-appstore,1,6498,113,141,482,67,459,66,d4rken-reddit-android-appstore-1
tkrajina-10000sentences,0,5900,65,72,374,35,310,25,tkrajina-10000sentences-0
tkrajina-10000sentences,1,6845,71,78,494,40,431,30,tkrajina-10000sentences-1
wakhub-tinyclock,1,493,5,6,25,2,19,2,wakhub-tinyclock-1
wakhub-tinyclock,0,21,2,2,0,1,0,1,wakhub-tinyclock-0
uberspot-2048-android,0,30,1,1,2,0,2,0,uberspot-2048-android-0
itkach-aard2-android,0,5112,27,34,382,19,307,19,itkach-aard2-android-0
gwhiteside-abstract-art,1,6317,27,41,269,33,228,33,gwhiteside-abstract-art-1
uberspot-2048-android,1,195,1,1,9,0,6,0,uberspot-2048-android-1
itkach-aard2-android,1,5510,28,36,405,21,316,21,itkach-aard2-android-1
gwhiteside-abstract-art,0,6317,27,41,269,33,228,33,gwhiteside-abstract-art-0
d4rken-reddit-android-appstore,0,2428,49,57,199,20,195,20,d4rken-reddit-android-appstore-0
AChep-AcDisplay,1,45918,263,410,2461,225,2075,209,AChep-AcDisplay-1
AChep-AcDisplay,0,37927,214,336,2006,187,1711,170,AChep-AcDisplay-0
xxv-24hAnalogWidget,0,598,5,6,29,4,23,4,xxv-24hAnalogWidget-0
xxv-24hAnalogWidget,1,909,7,9,42,4,32,4,xxv-24hAnalogWidget-1
ashutoshgngwr-10-bitClockWidget,1,743,8,8,45,4,22,3,ashutoshgngwr-10-bitClockWidget-1
ashutoshgngwr-10-bitClockWidget,0,542,7,7,28,1,21,1,ashutoshgngwr-10-bitClockWidget-0
librespeed-speedtest-android,1,2754,19,22,283,24,258,24,librespeed-speedtest-android-1
librespeed-speedtest-android,0,2663,19,21,278,24,254,24,librespeed-speedtest-android-0
jroal-a2dpvolume,1,9357,22,38,406,12,345,12,jroal-a2dpvolume-1
dkter-aaaaa,0,267,5,6,20,1,19,1,dkter-aaaaa-0
bailuk-AAT,1,36150,420,544,2889,448,2552,432,bailuk-AAT-1
bailuk-AAT,0,67823,965,1125,6785,836,6034,820,bailuk-AAT-0
dkter-aaaaa,1,505,5,7,39,1,33,1,dkter-aaaaa-1
gjedeer-Acastus,0,2000,10,14,115,2,98,2,gjedeer-Acastus-0
gjedeer-Acastus,1,2075,10,14,120,2,101,2,gjedeer-Acastus-1
ashutoshgngwr-10-bitClockWidget,TOTALS,1285,15,15,73,5,43,4,
tkrajina-10000sentences,TOTALS,12745,136,150,868,75,741,55,
gwhiteside-abstract-art,TOTALS,12634,54,82,538,66,456,66,
SecUSo-privacy-friendly-2048,TOTALS,9040,44,58,435,38,401,38,
andstatus-game2048,TOTALS,8774,112,288,626,87,519,83,
wakhub-tinyclock,TOTALS,514,7,8,25,3,19,3,
gjedeer-Acastus,TOTALS,4075,20,28,235,4,199,4,
flide-8VIM-iteration,TOTALS,3041,29,26,195,33,130,28,
k3b-APhotoManager,TOTALS,76625,384,486,4609,259,3640,249,
itkach-aard2-android,TOTALS,10622,55,70,787,40,623,40,
EventInfra-wifisetup,TOTALS,1010,2,2,32,0,22,0,
j4velin-SystemAppMover,TOTALS,1734,10,12,72,6,70,6,
LonamiWebs-Klooni1010,TOTALS,7664,59,66,429,49,368,43,
jecelyin-920-Text-Editor-old,TOTALS,29994,104,182,1270,112,1074,98,
xxv-24hAnalogWidget,TOTALS,1507,12,15,71,8,55,8,
billthefarmer-accordion,TOTALS,3118,9,10,68,4,43,3,
tube42-9p,TOTALS,6768,73,73,389,50,295,50,
uberspot-2048-android,TOTALS,225,2,2,11,0,8,0,
AChep-AcDisplay,TOTALS,83845,477,746,4467,412,3786,379,
EventFahrplan-EventFahrplan,TOTALS,34773,443,603,2033,224,1745,215,
jroal-a2dpvolume,TOTALS,18714,44,76,812,24,690,24,
d4rken-reddit-android-appstore,TOTALS,8926,162,198,681,87,654,86,
lolo-io-OneList-onelist,TOTALS,3125,31,50,223,21,187,21,
bailuk-AAT,TOTALS,103973,1385,1669,9674,1284,8586,1252,
librespeed-speedtest-android,TOTALS,5417,38,43,561,48,512,48,
dkter-aaaaa,TOTALS,772,10,13,59,2,52,2,
lucasdnd-16-bit-clock,TOTALS,452,4,4,20,0,12,0,
greenaddress-abcore,TOTALS,4860,36,64,273,14,169,14,
the3deers-android-3D-model-viewer,TOTALS,29732,138,185,1342,145,1067,130,
netmackan-ATimeTracker,TOTALS,7268,21,29,330,18,249,18,
