program	version1	methods1	constraints1	version2	methods2	constraints2
activation	1.1	243	0	1.1.1	241	0
akka-actor_2.11	2.3.2	108	0	2.4.9-RC2	127	2
android	1.5_r3	9020	0	4.1.1.4	15743	0
annotations	3.0.1	10	4	3.0.1u2	10	4
ant	1.5.3-1	4950	15	1.9.7	9360	64
arquillian-junit-container	1.0.0.Beta1	7	0	1.1.11.Final	8	0
asm	2.2.1	277	1	6.0_ALPHA	1995	117
aspectjrt	1.6.4	626	5	1.8.9	634	5
aspectjweaver	1.6.4	8560	124	1.8.9	9277	167
assertj-core	1.0.0	1915	46	3.5.2	4315	65
async-http-client	1.0.0	472	30	1.9.39	2861	125
avro	1.4.0	1737	67	1.8.1	2044	92
camel-core	1.0.0	1375	28	2.17.3	16940	350
cdi-api	1.0-CR1	204	0	2.0.Alpha4a	415	11
cglib	2.1_2	1141	55	3.2.4	1201	57
cglib-nodep	2.1_3	1123	55	3.1	2292	57
com.liferay.portal.kernel	1.0.0	82614	324	2.3.0	82724	324
commons-beanutils	1.6.1	514	88	1.9.2	1243	158
commons-cli	1.0	148	2	1.3.1	251	6
commons-codec	1.3	198	0	1.10	636	30
commons-collections	2.1	1365	101	3.2.2	3896	408
commons-compress	1.0	604	23	1.12	1784	57
commons-configuration	1.2RC1	869	20	1.10	2068	68
commons-dbcp	1.2.1	914	15	1.4	1342	44
commons-digester	1.4.1	409	1	2.1	701	14
commons-fileupload	1.0	115	1	1.3.2	268	4
commons-httpclient	2.0	1187	131	3.1	1780	268
commons-io	1.0	269	31	2.5	1187	122
commons-lang	2.0	1251	126	2.6	2289	222
commons-lang3	3.0	2196	224	3.4	2756	318
commons-logging	1.0.4	254	1	1.2	302	5
commons-math3	3.0	5506	99	3.6.1	8808	104
commons-pool	1.1	224	17	1.6	638	50
config	0.3.1	867	1	1.3.0	1289	3
cxf-rt-frontend-jaxws	2.0.6	1015	2	3.1.7	1017	46
dom4j	1.4	2399	19	1.6.1	2711	27
easymock	2.0	432	2	3.4	4823	186
easymockclassextension	2.2	61	0	3.2	23	0
elasticsearch	0.6.0	14195	564	5.0.0-alpha4	31703	2004
fest-assert	1.0	664	5	1.4	495	12
freemarker	2.3.9	2910	65	2.3.23	4579	79
geronimo-servlet_3.0_spec	1.0	542	9	1.0	542	0
groovy	1.1-rc-1	8132	160	2.4.7	12896	196
groovy-all	1.1-rc-1	8132	160	2.4.7	16760	273
gson	1.1	534	23	2.7	757	57
guava	10.0-rc1	6985	1611	19.0	10368	2082
guice	3.0-rc2	2188	100	4.1.0	1783	138
gwt-servlet	2.0.4	11646	525	2.8.0-rc1	41493	740
gwt-user	2.0.4	11646	525	2.8.0-rc1	41493	740
h2	1.2.122	7062	12	1.4.192	9383	55
hadoop-common	0.22.0	5177	228	2.7.2	14118	684
hamcrest-all	1.0	319	6	1.3	655	9
hamcrest-core	1.2	189	4	1.3	252	4
hamcrest-library	1.2	280	3	1.3	296	3
hibernate-core	3.3.0.CR1	12952	179	5.2.2.Final	30300	539
hibernate-entitymanager	3.3.1.ga	368	19	5.1.0.Final	2329	150
hibernate-jpa-2.0-api	1.0.0-CR-1	547	0	1.0.1.Final	547	0
hibernate-validator	3.1.0.CR1	113	2	5.3.0.Alpha1	2347	43
hsqldb	1.8.0.1	4815	37	2.3.4	11136	284
httpclient	4.0-beta1	1154	298	4.5.2	2772	26
httpcore	4.0-beta2	923	252	4.4.5	1584	46
httpmime	4.0-beta1	64	9	4.5.2	171	1
jackson-annotations	2.0.0-RC1	37	0	2.8.1	163	2
jackson-core	2.0.0-RC1	1185	22	2.8.1	1911	24
jackson-core-asl	0.9.9-2	982	21	1.9.13	1395	27
jackson-databind	2.0.0-RC1	4175	146	2.8.1	6322	182
jackson-mapper-asl	0.9.9-2	691	32	1.9.13	3734	134
javaee-api	7.0	12403	552	7.0	12403	0
javassist	3.7.1.GA	2981	7	3.20.0-GA	3735	12
javax.inject	1	1	0	1	1	0
javax.servlet-api	3.0.1	542	21	4.0.0-b01	630	27
javax.ws.rs-api	2.0-m01	625	11	2.0.1	895	14
jaxb-api	1.0.6	291	17	2.2.12	555	43
jaxb-impl	2.0	2662	140	2.2.11	2847	139
jaxen	1.1-beta-8	2175	18	1.1.6	1341	18
jboss-logging	3.0.0.Beta1	409	0	3.3.0.Final	775	0
jboss-logging-processor	1.0.0.Beta5	15	0	2.0.1.Final	586	14
jcl-over-slf4j	1.5.2	141	8	1.7.21	143	8
jersey-client	1.0	406	1	1.19.1	869	13
jersey-core	1.0	1011	54	1.19.1	1536	73
jersey-json	1.0	364	64	1.19.1	809	25
jersey-server	1.0	1293	50	1.19.1	2335	57
jetty	6.0.0beta10	2162	89	7.0.0pre3	2620	129
jetty-server	7.0.0.M0	1303	44	9.4.0.M0	2425	127
jetty-servlet	7.0.0.M0	244	10	9.4.0.M0	402	55
jetty-util	7.0.0.M0	931	93	9.4.0.M0	1954	94
jetty-webapp	7.0.0.M0	145	4	9.4.0.M0	346	51
jline	0.9.5	263	0	3.0.0.M1	1541	42
jmock-junit4	2.5.0.1	7	1	2.8.2	14	1
joda-convert	1.0	60	10	1.8.1	196	31
joda-time	1.5	3871	183	2.9.4	4258	217
jsch	0.1.44-1	929	2	0.1.53	1198	2
json	20070829	184	0	20160807	242	4
jsoup	0.2.1b	329	60	1.9.2	1246	12
jsp-api	2.0	252	6	2.2.1-b03	343	18
jsr250-api	1.0	0	0	1.0	0	0
jsr305	3.0.1	5	2	3.0.1	5	0
jsr311-api	0.2	146	1	1.1.1	260	6
jstl	1.0.2	99	0	1.2	1717	35
jta	1.1	66	0	1.1	66	0
jul-to-slf4j	1.5.2	9	0	1.7.21	13	0
junit	3.8.1	514	1	4.12	1369	15
junit-dep	4.5	822	2	4.10	1031	4
junit-interface	0.9-RC1	67	0	0.11	123	2
libthrift	0.9.3	1193	13	0.9.3	1193	0
log4j	1.2.8	1446	8	1.2.17	2121	18
log4j-api	2.0-alpha1	487	10	2.6.2	1810	18
log4j-core	2.0-alpha1	1117	27	2.6.2	3983	39
log4j-over-slf4j	1.1.0-beta0	26	0	1.7.21	171	0
log4j-slf4j-impl	2.0-beta5	98	3	2.6.2	109	4
logback-classic	0.2.5	419	12	1.1.7	881	35
logback-core	0.2.5	574	18	1.1.7	1882	57
lombok	0.9.3	1077	10	1.16.10	2683	27
lucene-core	2.3.0	3096	158	6.1.0	8954	1612
mail	1.4	1908	16	1.5.0-b01	2374	59
maven-artifact	2.0-alpha-3	214	1	3.3.9	331	6
maven-core	2.0-alpha-3	220	1	3.3.9	2748	54
maven-model	2.0-alpha-3	433	1	3.3.9	962	2
maven-plugin-annotations	3.0	6	0	3.4	6	0
maven-plugin-api	2.0-alpha-3	44	0	3.3.9	286	0
maven-project	2.0-alpha-3	218	0	3.0-alpha-2	721	10
mockito-all	1.8.0-rc2	2776	122	2.0.2-beta	3550	125
mockito-core	1.8.0-rc2	2957	125	2.0.99-beta	1779	10
mongo-java-driver	1.1	1038	38	3.3.0	7429	259
mysql-connector-java	5.1.21	5815	8	6.0.3	10516	243
netty	3.3.0.Final	3989	442	4.0.0.Alpha8	6047	633
objenesis	1.0	66	1	2.4	109	2
open-jdk	8	101301	4085	8	101301	0
org.apache.felix.scr.annotations	0.9.0	4	0	1.11.0	20	0
org.osgi.compendium	4.2.0	983	91	5.0.0	1154	77
org.osgi.core	1.4.0	421	45	6.0.0	698	55
persistence-api	1.0	93	0	1.0.2	96	0
plexus-container-default	1.0-alpha-10	898	12	1.7	1040	27
plexus-utils	1.0.4	849	71	3.0.24	1229	90
portlet-api	2.0	448	25	2.0	448	0
postgresql	9.1-901-1.jdbc4	2230	12	9.4.1209	2694	21
powermock-api-mockito	1.4.6	150	14	1.6.5	251	17
powermock-module-junit4	1.4.6	50	0	1.6.5	114	1
protobuf-java	2.0.1	1614	35	3.0.0	8736	389
reflections	0.9.5-RC2	276	3	0.9.10	451	49
resteasy-jaxrs	1.0.2.GA	1357	41	3.1.0.Beta1	2810	150
rxjava	1.0.0-rc.1	2215	50	1.1.8	3856	196
scala-compiler	2.11.0-M4	7	1	2.12.0-M5	7	1
scala-library	2.5.0-RC1	140	2	2.12.0-M5	788	0
scalatest_2.10	1.9	18	0	3.0.0	0	0
scalatest_2.11	2.1.3	0	0	3.0.0	0	0
selenium-java	2.0.0	680	14	3.0.0-beta2	1039	35
servlet-api	2.2	393	5	3.0-alpha-1	370	15
slf4j-api	1.1.0-beta0	103	3	1.7.21	439	22
slf4j-jdk14	1.0	145	3	1.7.21	51	0
slf4j-log4j12	1.0-beta9	274	3	1.7.21	56	0
slf4j-simple	1.0	146	3	1.7.21	63	0
snakeyaml	1.4	626	16	1.17	804	40
spock-core	0.1	836	14	0.3	1107	12
spring	1.1.1	5156	221	2.5.6.SEC03	12420	1204
spring-aop	1.2.1	584	39	4.3.2.RELEASE	1358	151
spring-beans	1.2.1	866	70	4.3.2.RELEASE	2451	213
spring-context	1.2.1	483	16	4.3.2.RELEASE	3470	297
spring-context-support	2.5	456	64	4.3.2.RELEASE	844	102
spring-core	1.2.1	324	34	4.3.2.RELEASE	3276	335
spring-expression	3.0.0.RELEASE	566	29	4.3.2.RELEASE	900	39
spring-jdbc	1.2.1	954	28	4.3.2.RELEASE	1968	129
spring-orm	1.2.1	719	34	4.3.2.RELEASE	1882	125
spring-test	2.5	962	176	4.3.2.RELEASE	2446	348
spring-tx	2.5	830	97	4.3.2.RELEASE	961	94
spring-web	1.2.1	503	28	4.3.2.RELEASE	3308	308
spring-webmvc	1.2.2	793	31	4.3.2.RELEASE	3267	185
testng	5.0	1540	21	6.9.10	3434	25
validation-api	1.0.CR2	104	0	1.1.0.Final	208	0
velocity	1.6.3	2034	20	1.7	2146	20
xalan	2.5.1	8672	58	2.7.2	10280	114
xercesImpl	2.4.0	6321	24	2.11.0	9306	108
xml-apis	1.3.04	2219	81	2.0.2	1265	24
xmlunit	1.4	596	6	1.6	618	9
xstream	1.1.3	1143	40	1.4.9	2473	72
zookeeper	3.3.0	2483	37	3.5.2-alpha	3876	65

